NO.,Var,dtypes,description,Var Category
1,AP001,Numeric,YR_AGE,Application
2,AP002,Numeric,CODE_GENDER,Application
3,AP003,Numeric,CODE_EDUCATION,Application
4,AP004,Numeric,LOAN_TERM,Application
5,AP005,Datetime,DATE_APPLIED,Application
6,AP006,Categoric,OS_TYPE,Application
7,AP007,Numeric,LEVEL_APPL_CITY,Application
8,AP008,Numeric,FLAG_IP_CITY_NOT_APPL_CITY,Application
9,MB001,Numeric,CONTACT,Mobile Info
10,MB002,Numeric,CONTACT_CREDIT_RULE,Mobile Info
11,MB003,Numeric,CONTACT_FAM,Mobile Info
12,MB004,Numeric,CONTACT_COLLEAGUE,Mobile Info
13,MB005,Numeric,YR_PHONE_ACTIVE,Mobile Info
14,MB006,Categoric,MOBILE_BRAND,Mobile Info
15,CR001,Numeric,FLAG_6MON_OVERDUE,Credit Bureau
16,CR002,Numeric,FLAG_6MON_M1_OVERDUE,Credit Bureau
17,CR003,Numeric,FLAG_12MON_M1_OVERDUE,Credit Bureau
18,CR004,Numeric,QUERY_MON,Credit Bureau
19,CR005,Numeric,QUERY_2MON,Credit Bureau
20,CR006,Numeric,QUERY_3MON,Credit Bureau
21,CR007,Numeric,QUERY_6MON,Credit Bureau
22,CR008,Numeric,OFFLINE_QUERY_MON,Credit Bureau
23,CR009,Numeric,AMT_LOAN_TOTAL,Credit Bureau
24,CR010,Numeric,FLAG_CREDIT_CARD_UTILITY_OVER_80%,Credit Bureau
25,CR011,Numeric,FLAG_CREDIT_CARD_OVER_6,Credit Bureau
26,CR012,Numeric,FLAG_CREDIT_CARD_OVER_8,Credit Bureau
27,CR013,Numeric,FLAG_TOTAL_CREDIT_LINE_OVER_200K,Credit Bureau
28,CR014,Numeric,FLAG_SINGLE_CREDIT_LINE_OVER_150K,Credit Bureau
29,CR015,Numeric,MONTH_CREDIT_CARD_MAX,Credit Bureau
30,CR016,Numeric,FLAG_UNCLEAR_MORTGAGE,Credit Bureau
31,CR017,Numeric,SCORE_DEBIT_CARD_TOTAL,Credit Bureau
32,CR018,Numeric,SCORE_DEBIT_CARD_UTILITY,Credit Bureau
33,CR019,Numeric,SCORE_SINGLE_DEBIT_CARD_LIMIT,Credit Bureau
34,CR020,Numeric,HIGHEST_MONTHLY_LOAN,Credit Bureau
35,CR021,Numeric,HIGHEST_CREDIT_CARD_LINE,Credit Bureau
36,TD001,Numeric,QUERY_7Day_P2P,Credit Center
37,TD002,Numeric,QUERY_7Day_SMALL_LOAN,Credit Center
38,TD003,Numeric,QUERY_7Day_BANK,Credit Center
39,TD004,Numeric,QUERY_7Day_OTHER,Credit Center
40,TD005,Numeric,QUERY_1MON_P2P,Credit Center
41,TD006,Numeric,QUERY_1MON_SMALL_LOAN,Credit Center
42,TD007,Numeric,QUERY_1MON_BANK,Credit Center
43,TD008,Numeric,QUERY_1MON_OTHER,Credit Center
44,TD009,Numeric,QUERY_3MON_P2P,Credit Center
45,TD010,Numeric,QUERY_3MON_SMALL_LOAN,Credit Center
46,TD011,Numeric,QUERY_3MON_BANK,Credit Center
47,TD012,Numeric,QUERY_3MON_OTHER,Credit Center
48,TD013,Numeric,QUERY_6MON_P2P,Credit Center
49,TD014,Numeric,QUERY_6MON_SMALL_LOAN,Credit Center
50,TD015,Numeric,QUERY_6MON_BANK,Credit Center
51,TD016,Numeric,QUERY_6MON_OTHER,Credit Center
52,CD001,Numeric,TOTAL_CALLS,Call Detail
53,CD002,Numeric,TOTAL_IN_CALLS,Call Detail
54,CD003,Numeric,TOTAL_OUT_CALLS,Call Detail
55,CD004,Numeric,TOTAL_CALLS_1MON,Call Detail
56,CD005,Numeric,TOTAL_IN_CALLS_1MON,Call Detail
57,CD006,Numeric,TOTAL_OUT_CALLS_1MON,Call Detail
58,CD007,Numeric,CALLS_1MON,Call Detail
59,CD008,Numeric,IN_CALLS_1MON,Call Detail
60,CD009,Numeric,OUT_CALLS_1MON,Call Detail
61,CD010,Numeric,TOTAL_CALLS_2MON,Call Detail
62,CD011,Numeric,TOTAL_IN_CALLS_2MON,Call Detail
63,CD012,Numeric,TOTAL_OUT_CALLS_2MON,Call Detail
64,CD013,Numeric,CALLS_1MON_2MON,Call Detail
65,CD014,Numeric,IN_CALLS_2MON,Call Detail
66,CD015,Numeric,OUT_CALLS_2MON,Call Detail
67,CD016,Numeric,TOTAL_CALLS_3MON,Call Detail
68,CD017,Numeric,TOTAL_IN_CALLS_3MON,Call Detail
69,CD018,Numeric,TOTAL_OUT_CALLS_3MON,Call Detail
70,CD019,Numeric,CALLS_1MON_3MON,Call Detail
71,CD020,Numeric,IN_CALLS_3MON,Call Detail
72,CD021,Numeric,OUT_CALLS_3MON,Call Detail
73,CD022,Numeric,CREDIT_CALLS_1MON,Call Detail
74,CD023,Numeric,CREDIT_IN_CALLS_1MON,Call Detail
75,CD024,Numeric,CREDIT_OUT_CALLS_1MON,Call Detail
76,CD025,Numeric,CREDIT_CALLS_1MON_1MON,Call Detail
77,CD026,Numeric,CREDIT_IN_CALLS_1MON,Call Detail
78,CD027,Numeric,CREDIT_OUT_CALLS_1MON,Call Detail
79,CD028,Numeric,CREDIT_CALLS_2MON,Call Detail
80,CD029,Numeric,CREDIT_IN_CALLS_2MON,Call Detail
81,CD030,Numeric,CREDIT_OUT_CALLS_2MON,Call Detail
82,CD031,Numeric,CREDIT_2MON,Call Detail
83,CD032,Numeric,CREDIT_IN_CALLS_2MON,Call Detail
84,CD033,Numeric,CREDIT_OUT_CALLS_2MON,Call Detail
85,CD034,Numeric,CREDIT_CALLS_3MON,Call Detail
86,CD035,Numeric,CREDIT_IN_CALLS_3MON,Call Detail
87,CD036,Numeric,CREDIT_OUT_CALLS_3MON,Call Detail
88,CD037,Numeric,CREDIT_CALLS_3MON,Call Detail
89,CD038,Numeric,CREDIT_IN_CALLS_3MON,Call Detail
90,CD039,Numeric,CREDIT_OUT_CALLS_3MON,Call Detail
91,CD040,Numeric,ION_CALLS_1MON,Call Detail
92,CD041,Numeric,ION_COPMANIES_CALL_1MON,Call Detail
93,CD042,Numeric,ION_INBOPUND_CALLS_1MON,Call Detail
94,CD043,Numeric,ION_COPMANIES_IN_CALL_1MON,Call Detail
95,CD044,Numeric,ION_CALLS_1MON,Call Detail
96,CD045,Numeric,ION_IN_CALL_1MON,Call Detail
97,CD046,Numeric,ION_CALLS_2MON,Call Detail
98,CD047,Numeric,ION_COPMANIES_CALL_2MON,Call Detail
99,CD048,Numeric,ION_INBOPUND_CALLS_2MON,Call Detail
100,CD049,Numeric,ION_COPMANIES_IN_CALL_2MON,Call Detail
101,CD050,Numeric,ION_CALLS_2MON,Call Detail
102,CD051,Numeric,ION_IN_CALL_2MON,Call Detail
103,CD052,Numeric,ION_CALLS_3MON,Call Detail
104,CD053,Numeric,ION_COPMANIES_CALL_3MON,Call Detail
105,CD054,Numeric,ION_INBOPUND_CALLS_3MON,Call Detail
106,CD055,Numeric,ION_COPMANIES_IN_CALL_3MON,Call Detail
107,CD056,Numeric,ION_CALLS_3MON,Call Detail
108,CD057,Numeric,ION_IN_CALL_3MON,Call Detail
109,CD058,Numeric,FAM_CALLS_1MON,Call Detail
110,CD059,Numeric,FAM_IN_CALLS_1MON,Call Detail
111,CD060,Numeric,FAM_OUT_CALLS_1MON,Call Detail
112,CD061,Numeric,FAM_CALLS_1MON_1MON,Call Detail
113,CD062,Numeric,FAM_IN_CALLS_1MON,Call Detail
114,CD063,Numeric,FAM_OUT_CALLS_1MON,Call Detail
115,CD064,Numeric,FAM_CALLS_2MON,Call Detail
116,CD065,Numeric,FAM_IN_CALLS_2MON,Call Detail
117,CD066,Numeric,FAM_OUT_CALLS_2MON,Call Detail
118,CD067,Numeric,FAM_CALLS_2MON_2MON,Call Detail
119,CD068,Numeric,FAM_IN_CALLS_2MON,Call Detail
120,CD069,Numeric,FAM_OUT_CALLS_2MON,Call Detail
121,CD070,Numeric,FAM_CALLS_3MON,Call Detail
122,CD071,Numeric,FAM_IN_CALLS_3MON,Call Detail
123,CD072,Numeric,FAM_OUT_CALLS_3MON,Call Detail
124,CD073,Numeric,FAM_CALLS_3MON_3MON,Call Detail
125,CD074,Numeric,FAM_IN_CALLS_3MON,Call Detail
126,CD075,Numeric,FAM_OUT_CALLS_3MON,Call Detail
127,CD076,Numeric,COLLEAGUE_CALLS_1MON,Call Detail
128,CD077,Numeric,COLLEAGUE_IN_CALLS_1MON,Call Detail
129,CD078,Numeric,COLLEAGUE_OUT_CALLS_1MON,Call Detail
130,CD079,Numeric,COLLEAGUE_CALLS_1MON_1MON,Call Detail
131,CD080,Numeric,COLLEAGUE_IN_CALLS_1MON,Call Detail
132,CD081,Numeric,COLLEAGUE_OUT_CALLS_1MON,Call Detail
133,CD082,Numeric,COLLEAGUE_CALLS_2MON,Call Detail
134,CD083,Numeric,COLLEAGUE_IN_CALLS_2MON,Call Detail
135,CD084,Numeric,COLLEAGUE_OUT_CALLS_2MON,Call Detail
136,CD085,Numeric,COLLEAGUE_CALLS_2MON_2MON,Call Detail
137,CD086,Numeric,COLLEAGUE_IN_CALLS_2MON,Call Detail
138,CD087,Numeric,COLLEAGUE_OUT_CALLS_2MON,Call Detail
139,CD088,Numeric,COLLEAGUE_CALLS_3MON,Call Detail
140,CD089,Numeric,COLLEAGUE_IN_CALLS_3MON,Call Detail
141,CD090,Numeric,COLLEAGUE_OUT_CALLS_3MON,Call Detail
142,CD091,Numeric,COLLEAGUE_CALLS_3MON_3MON,Call Detail
143,CD092,Numeric,COLLEAGUE_IN_CALLS_3MON,Call Detail
144,CD093,Numeric,COLLEAGUE_OUT_CALLS_3MON,Call Detail
145,CD094,Numeric,ABNORMAL_HOURS_CALLS_1MON,Call Detail
146,CD095,Numeric,ABNORMAL_HOURS_IN_CALLS_1MON,Call Detail
147,CD096,Numeric,ABNORMAL_HOURS_OUT_CALLS_1MON,Call Detail
148,CD097,Numeric,ABNORMAL_HOURS_CALLS_1MON_1MON,Call Detail
149,CD098,Numeric,ABNORMAL_HOURS_IN_CALLS_1MON,Call Detail
150,CD099,Numeric,ABNORMAL_HOURS_OUT_CALLS_1MON,Call Detail
151,CD100,Numeric,ABNORMAL_HOURS_CALLS_2MON,Call Detail
152,CD101,Numeric,ABNORMAL_HOURS_IN_CALLS_2MON,Call Detail
153,CD102,Numeric,ABNORMAL_HOURS_OUT_CALLS_2MON,Call Detail
154,CD103,Numeric,ABNORMAL_HOURS_CALLS_2MON_2MON,Call Detail
155,CD104,Numeric,ABNORMAL_HOURS_IN_CALLS_2MON,Call Detail
156,CD105,Numeric,ABNORMAL_HOURS_OUT_CALLS_2MON,Call Detail
157,CD106,Numeric,ABNORMAL_HOURS_CALLS_3MON,Call Detail
158,CD107,Numeric,ABNORMAL_HOURS_IN_CALLS_3MON,Call Detail
159,CD108,Numeric,ABNORMAL_HOURS_OUT_CALLS_3MON,Call Detail
160,CD109,Numeric,ABNORMAL_HOURS_CALLS_3MON_3MON,Call Detail
161,CD110,Numeric,ABNORMAL_HOURS_IN_CALLS_3MON,Call Detail
162,CD111,Numeric,ABNORMAL_HOURS_OUT_CALLS_3MON,Call Detail
163,CD112,Numeric,ABNORMAL_HOURS_CALL_DAYS_1MON,Call Detail
164,CD113,Numeric,ABNORMAL_HOURS_CALL_DAYS_2MON,Call Detail
165,CD114,Numeric,ABNORMAL_HOURS_CALL_DAYS_3MON,Call Detail
166,CD115,Numeric,DISTINCT_CALLS_1MON,Call Detail
167,CD116,Numeric,DISTINCT_IN_CALLS_1MON,Call Detail
168,CD117,Numeric,DISTINCT_OUT_CALLS_1MON,Call Detail
169,CD118,Numeric,DISTINCT_CALLS_2MON,Call Detail
170,CD119,Numeric,DISTINCT_IN_CALLS_2MON,Call Detail
171,CD120,Numeric,DISTINCT_OUT_CALLS_2MON,Call Detail
172,CD121,Numeric,DISTINCT_CALLS_3MON,Call Detail
173,CD122,Numeric,DISTINCT_IN_CALLS_3MON,Call Detail
174,CD123,Numeric,DISTINCT_OUT_CALLS_3MON,Call Detail
175,CD124,Numeric,TOP3_FREQUENT_PHONE_PHONE_NUMBERS_TOTAL_CALLS_1MON,Call Detail
176,CD125,Numeric,TOP3_FREQUENT_OUT_PHONE_PHONE_NUMBERS_IN_CALLS_1MON,Call Detail
177,CD126,Numeric,TOP3_FREQUENT_IN_PHONE_NUMBERS_OUT_CALLS_1MON,Call Detail
178,CD127,Numeric,TOP3_FREQUENT_OUT_PHONE_NUMBERS_OUT_CALLS_1MON,Call Detail
179,CD128,Numeric,TOP3_FREQUENT_IN_PHONE_NUMBERS_IN_CALLS_1MON,Call Detail
180,CD129,Numeric,TOP3_FREQUENT_PHONE_NUMBERS_TOTAL_CALLS_2MON,Call Detail
181,CD130,Numeric,TOP3_FREQUENT_OUT_PHONE_NUMBERS_IN_CALLS_2MON,Call Detail
182,CD131,Numeric,TOP3_FREQUENT_IN_PHONE_NUMBERS_OUT_CALLS_2MON,Call Detail
183,CD132,Numeric,TOP3_FREQUENT_OUT_PHONE_NUMBERS_OUT_CALLS_2MON,Call Detail
184,CD133,Numeric,TOP3_FREQUENT_IN_PHONE_NUMBERS_IN_CALLS_2MON,Call Detail
185,CD134,Numeric,TOP3_FREQUENT_PHONE_NUMBERS_TOTAL_CALLS_3MON,Call Detail
186,CD135,Numeric,TOP3_FREQUENT_OUT_PHONE_NUMBERS_IN_CALLS_3MON,Call Detail
187,CD136,Numeric,TOP3_FREQUENT_IN_PHONE_NUMBERS_OUT_CALLS_3MON,Call Detail
188,CD137,Numeric,TOP3_FREQUENT_OUT_PHONE_NUMBERS_OUT_CALLS_3MON,Call Detail
189,CD138,Numeric,TOP3_FREQUENT_IN_PHONE_NUMBERS_IN_CALLS_3MON,Call Detail
190,CD139,Numeric,TOP3_FREQUENT_PHONE_NUMBERS_TOTAL_CALLS_1MON,Call Detail
191,CD140,Numeric,TOP3_FREQUENT_OUT_PHONE_NUMBERS_IN_CALLS_1MON,Call Detail
192,CD141,Numeric,TOP3_FREQUENT_IN_PHONE_NUMBERS_OUT_CALLS_1MON,Call Detail
193,CD142,Numeric,TOP3_FREQUENT_OUT_PHONE_NUMBERS_OUT_CALLS_1MON,Call Detail
194,CD143,Numeric,TOP3_FREQUENT_IN_PHONE_NUMBERS_IN_CALLS_1MON,Call Detail
195,CD144,Numeric,TOP3_FREQUENT_PHONE_NUMBERS_TOTAL_CALLS_2MON,Call Detail
196,CD145,Numeric,TOP3_FREQUENT_OUT_PHONE_NUMBERS_IN_CALLS_2MON,Call Detail
197,CD146,Numeric,TOP3_FREQUENT_IN_PHONE_NUMBERS_OUT_CALLS_2MON,Call Detail
198,CD147,Numeric,TOP3_FREQUENT_OUT_PHONE_NUMBERS_OUT_CALLS_2MON,Call Detail
199,CD148,Numeric,TOP3_FREQUENT_IN_PHONE_NUMBERS_IN_CALLS_2MON,Call Detail
200,CD149,Numeric,TOP3_FREQUENT_PHONE_NUMBERS_TOTAL_CALLS_3MON,Call Detail
201,CD150,Numeric,TOP3_FREQUENT_OUT_PHONE_NUMBERS_IN_CALLS_3MON,Call Detail
202,CD151,Numeric,TOP3_FREQUENT_IN_PHONE_NUMBERS_OUT_CALLS_3MON,Call Detail
203,CD152,Numeric,TOP3_FREQUENT_OUT_PHONE_NUMBERS_OUT_CALLS_3MON,Call Detail
204,CD153,Numeric,TOP3_FREQUENT_IN_PHONE_NUMBERS_IN_CALLS_3MON,Call Detail
205,CD154,Numeric,SVC_CALL1MON,Call Detail
206,CD155,Numeric,DISTINCT_SVC_CALL1MON,Call Detail
207,CD156,Numeric,SERVICE_OUT_CALLS_1MON,Call Detail
208,CD157,Numeric,SERVICE_IN_CALLS_1MON,Call Detail
209,CD158,Numeric,SVC_CALL2MON,Call Detail
210,CD159,Numeric,DISTINCT_SVC_CALL2MON,Call Detail
211,CD160,Numeric,SERVICE_OUT_CALLS_2MON,Call Detail
212,CD161,Numeric,SERVICE_IN_CALLS_2MON,Call Detail
213,CD162,Numeric,SVC_CALL3MON,Call Detail
214,CD163,Numeric,DISTINCT_SVC_CALL3MON,Call Detail
215,CD164,Numeric,SERVICE_OUT_CALLS_3MON,Call Detail
216,CD165,Numeric,SERVICE_IN_CALLS_3MON,Call Detail
217,CD166,Numeric,SVC_CALL1MON,Call Detail
218,CD167,Numeric,SERVICE_OUT_CALLS_1MON,Call Detail
219,CD168,Numeric,SERVICE_IN_CALLS_1MON,Call Detail
220,CD169,Numeric,SVC_CALL2MON,Call Detail
221,CD170,Numeric,SERVICE_OUT_CALLS_2MON,Call Detail
222,CD171,Numeric,SERVICE_IN_CALLS_2MON,Call Detail
223,CD172,Numeric,SVC_CALL3MON,Call Detail
224,CD173,Numeric,SERVICE_OUT_CALLS_3MON,Call Detail
225,CD174,Numeric,SERVICE_IN_CALLS_3MON,Call Detail
226,CD175,Numeric,TOP3_FREQUENT_PHONE_NUMBERS_IN_CONTACT_BOOK_3MON,Call Detail
227,CD176,Numeric,TOP5_FREQUENT_PHONE_NUMBERS_IN_CONTACT_BOOK_3MON,Call Detail
228,CD177,Numeric,TOP10_FREQUENT_PHONE_NUMBERS_IN_CONTACT_BOOK_3MON,Call Detail
229,CD178,Numeric,TOP15_FREQUENT_PHONE_NUMBERS_IN_CONTACT_BOOK_3MON,Call Detail
230,PA001,Numeric,ION_OR_HIGH_RISK_ORG,Call Detail
231,PA002,Numeric,ION_ORG,Call Detail
232,PA003,Numeric,HIGH_RISK_ORG,Call Detail
233,PA004,Numeric,ION_OR_HIGH_RISK_IN_CALLS,Call Detail
234,PA005,Numeric,ION_IN_CALLS,Call Detail
235,PA006,Numeric,HIGH_RISK_IN_CALLS,Call Detail
236,PA007,Numeric,ION_OR_HIGH_RISK_IN_CALLS,Call Detail
237,PA008,Numeric,ION_IN_CALLS,Call Detail
238,PA009,Numeric,HIGH_RISK_IN_CALLS,Call Detail
239,PA010,Numeric,ION_OR_HIGH_RISK_OUT_CALLS,Call Detail
240,PA011,Numeric,ION_OUT_CALLS,Call Detail
241,PA012,Numeric,HIGH_RISK_OUT_CALLS,Call Detail
242,PA013,Numeric,ION_OR_HIGH_RISK_OUT_CALLS,Call Detail
243,PA014,Numeric,ION_OUT_CALLS,Call Detail
244,PA015,Numeric,HIGH_RISK_OUT_CALLS,Call Detail
245,PA016,Numeric,ION_OR_HIGH_RISK_CALLS,Call Detail
246,PA017,Numeric,ION_CALLS,Call Detail
247,PA018,Numeric,HIGH_RISK_CALLS,Call Detail
248,PA019,Numeric,ION_OR_HIGH_RISK_CALLS,Call Detail
249,PA020,Numeric,ION_CALLS,Call Detail
250,PA021,Numeric,HIGH_RISK_CALLS,Call Detail
251,PA022,Numeric,DAYS_BTW_APPLICATION_AND_FIRST_ION_OR_HIGH_RISK_CALL,Call Detail
252,PA023,Numeric,DAYS_BTW_APPLICATION_AND_FIRST_ION_CALL,Call Detail
253,PA024,Numeric,DAYS_BTW_APPLICATION_AND_FIRST_HIGH_RISK_CALL,Call Detail
254,PA025,Numeric,DAYS_BTW_APPLICATION_AND_ION_OR_HIGH_RISK_CALL,Call Detail
255,PA026,Numeric,DAYS_BTW_APPLICATION_AND_ION_CALL,Call Detail
256,PA027,Numeric,DAYS_BTW_APPLICATION_AND_HIGH_RISK_CALL,Call Detail
257,PA028,Numeric,AVG_ION_OR_HIGH_RISK_CALLS,Call Detail
258,PA029,Numeric,AVG_ION_OR_HIGH_RISK_IN_CALLS,Call Detail
259,PA030,Numeric,AVG_ION_OR_HIGH_RISK_OUT_CALLS,Call Detail
260,PA031,Numeric,AVG_ION_CALLS,Call Detail
261,PA032,Numeric,AVG_ION_IN_CALLS,Call Detail
262,PA033,Numeric,AVG_ION_OUT_CALLS,Call Detail
263,PA034,Numeric,AVG_HIGH_RISK_CALLS,Call Detail
264,PA035,Numeric,AVG_HIGH_RISK_IN_CALLS,Call Detail
265,PA036,Numeric,AVG_HIGH_RISK_OUT_CALLS,Call Detail
266,PA037,Numeric,ION_OR_HIGH_RISK_ORG_1MON,Call Detail
267,PA038,Numeric,ION_ORG_1MON,Call Detail
268,PA039,Numeric,HIGH_RISK_ORG_1MON,Call Detail
269,PA040,Numeric,ION_OR_HIGH_RISK_IN_CALLS_1MON,Call Detail
270,PA041,Numeric,ION_IN_CALLS_1MON,Call Detail
271,PA042,Numeric,HIGH_RISK_IN_CALLS_1MON,Call Detail
272,PA043,Numeric,ION_OR_HIGH_RISK_IN_CALLS_1MON,Call Detail
273,PA044,Numeric,ION_IN_CALLS_1MON,Call Detail
274,PA045,Numeric,HIGH_RISK_IN_CALLS_1MON,Call Detail
275,PA046,Numeric,ION_OR_HIGH_RISK_OUT_CALLS_1MON,Call Detail
276,PA047,Numeric,ION_OUT_CALLS_1MON,Call Detail
277,PA048,Numeric,HIGH_RISK_OUT_CALLS_1MON,Call Detail
278,PA049,Numeric,ION_OR_HIGH_RISK_OUT_CALLS_1MON,Call Detail
279,PA050,Numeric,ION_OUT_CALLS_1MON,Call Detail
280,PA051,Numeric,HIGH_RISK_OUT_CALLS_1MON,Call Detail
281,PA052,Numeric,ION_OR_HIGH_RISK_CALLS_1MON,Call Detail
282,PA053,Numeric,ION_CALLS_1MON,Call Detail
283,PA054,Numeric,HIGH_RISK_CALLS_1MON,Call Detail
284,PA055,Numeric,ION_OR_HIGH_RISK_CALLS_1MON,Call Detail
285,PA056,Numeric,ION_CALLS_1MON,Call Detail
286,PA057,Numeric,HIGH_RISK_CALLS_1MON,Call Detail
287,PA058,Numeric,ION_OR_HIGH_RISK_ORG_2MON,Call Detail
288,PA059,Numeric,ION_ORG_2MON,Call Detail
289,PA060,Numeric,HIGH_RISK_ORG_2MON,Call Detail
290,PA061,Numeric,ION_OR_HIGH_RISK_IN_CALLS_2MON,Call Detail
291,PA062,Numeric,ION_IN_CALLS_2MON,Call Detail
292,PA063,Numeric,HIGH_RISK_IN_CALLS_2MON,Call Detail
293,PA064,Numeric,ION_OR_HIGH_RISK_IN_CALLS_2MON,Call Detail
294,PA065,Numeric,ION_IN_CALLS_2MON,Call Detail
295,PA066,Numeric,HIGH_RISK_IN_CALLS_2MON,Call Detail
296,PA067,Numeric,ION_OR_HIGH_RISK_OUT_CALLS_2MON,Call Detail
297,PA068,Numeric,ION_OUT_CALLS_2MON,Call Detail
298,PA069,Numeric,HIGH_RISK_OUT_CALLS_2MON,Call Detail
299,PA070,Numeric,ION_OR_HIGH_RISK_OUT_CALLS_2MON,Call Detail
300,PA071,Numeric,ION_OUT_CALLS_2MON,Call Detail
301,PA072,Numeric,HIGH_RISK_OUT_CALLS_2MON,Call Detail
302,PA073,Numeric,ION_OR_HIGH_RISK_CALLS_2MON,Call Detail
303,PA074,Numeric,ION_CALLS_2MON,Call Detail
304,PA075,Numeric,HIGH_RISK_CALLS_2MON,Call Detail
305,PA076,Numeric,ION_OR_HIGH_RISK_CALLS_2MON,Call Detail
306,PA077,Numeric,ION_CALLS_2MON,Call Detail
307,PA078,Numeric,HIGH_RISK_CALLS_2MON,Call Detail
308,PA079,Numeric,ION_OR_HIGH_RISK_ORG_3MON,Call Detail
309,PA080,Numeric,ION_ORG_3MON,Call Detail
310,PA081,Numeric,HIGH_RISK_ORG_3MON,Call Detail
311,PA082,Numeric,ION_OR_HIGH_RISK_IN_CALLS_3MON,Call Detail
312,PA083,Numeric,ION_IN_CALLS_3MON,Call Detail
313,PA084,Numeric,HIGH_RISK_IN_CALLS_3MON,Call Detail
314,PA085,Numeric,ION_OR_HIGH_RISK_IN_CALLS_3MON,Call Detail
315,PA086,Numeric,ION_IN_CALLS_3MON,Call Detail
316,PA087,Numeric,HIGH_RISK_IN_CALLS_3MON,Call Detail
317,PA088,Numeric,ION_OR_HIGH_RISK_OUT_CALLS_3MON,Call Detail
318,PA089,Numeric,ION_OUT_CALLS_3MON,Call Detail
319,PA090,Numeric,HIGH_RISK_OUT_CALLS_3MON,Call Detail
320,PA091,Numeric,ION_OR_HIGH_RISK_OUT_CALLS_3MON,Call Detail
321,PA092,Numeric,ION_OUT_CALLS_3MON,Call Detail
322,PA093,Numeric,HIGH_RISK_OUT_CALLS_3MON,Call Detail
323,PA094,Numeric,ION_OR_HIGH_RISK_CALLS_3MON,Call Detail
324,PA095,Numeric,ION_CALLS_3MON,Call Detail
325,PA096,Numeric,HIGH_RISK_CALLS_3MON,Call Detail
326,PA097,Numeric,ION_OR_HIGH_RISK_CALLS_3MON,Call Detail
327,PA098,Numeric,ION_CALLS_3MON,Call Detail
328,PA099,Numeric,HIGH_RISK_CALLS_3MON,Call Detail
329,ym0001,Numeric,THIRD_PARTY_VARIABLE,Pty3rd
330,ym0002,Numeric,THIRD_PARTY_VARIABLE,Pty3rd
331,ym0003,Numeric,THIRD_PARTY_VARIABLE,Pty3rd
332,ym0004,Numeric,THIRD_PARTY_VARIABLE,Pty3rd
333,ym0005,Numeric,THIRD_PARTY_VARIABLE,Pty3rd
334,ym0006,Numeric,THIRD_PARTY_VARIABLE,Pty3rd
335,ym0007,Numeric,THIRD_PARTY_VARIABLE,Pty3rd
336,ym0008,Numeric,THIRD_PARTY_VARIABLE,Pty3rd
337,ym0009,Numeric,THIRD_PARTY_VARIABLE,Pty3rd
338,ym0010,Numeric,THIRD_PARTY_VARIABLE,Pty3rd
339,ym0011,Numeric,THIRD_PARTY_VARIABLE,Pty3rd
340,ym0012,Numeric,THIRD_PARTY_VARIABLE,Pty3rd
341,ym0013,Numeric,THIRD_PARTY_VARIABLE,Pty3rd
342,ym0014,Numeric,THIRD_PARTY_VARIABLE,Pty3rd
343,ym0015,Numeric,THIRD_PARTY_VARIABLE,Pty3rd
344,ym0016,Numeric,THIRD_PARTY_VARIABLE,Pty3rd
345,ym0017,Numeric,THIRD_PARTY_VARIABLE,Pty3rd
346,ym0018,Numeric,THIRD_PARTY_VARIABLE,Pty3rd
347,ym0019,Numeric,THIRD_PARTY_VARIABLE,Pty3rd
348,ym0020,Numeric,THIRD_PARTY_VARIABLE,Pty3rd
349,ym0021,Numeric,THIRD_PARTY_VARIABLE,Pty3rd
350,ym0022,Numeric,THIRD_PARTY_VARIABLE,Pty3rd
351,ym0023,Numeric,THIRD_PARTY_VARIABLE,Pty3rd
352,ym0024,Numeric,THIRD_PARTY_VARIABLE,Pty3rd
353,ym0025,Numeric,THIRD_PARTY_VARIABLE,Pty3rd
354,ym0026,Numeric,THIRD_PARTY_VARIABLE,Pty3rd
355,ym0027,Numeric,THIRD_PARTY_VARIABLE,Pty3rd
356,ym0028,Numeric,THIRD_PARTY_VARIABLE,Pty3rd
357,ym0029,Numeric,THIRD_PARTY_VARIABLE,Pty3rd
358,ym0030,Numeric,THIRD_PARTY_VARIABLE,Pty3rd
359,ym0031,Numeric,THIRD_PARTY_VARIABLE,Pty3rd
360,ym0032,Numeric,THIRD_PARTY_VARIABLE,Pty3rd
361,ym0033,Numeric,THIRD_PARTY_VARIABLE,Pty3rd
362,ym0034,Numeric,THIRD_PARTY_VARIABLE,Pty3rd
363,ym0035,Numeric,THIRD_PARTY_VARIABLE,Pty3rd
364,ym0036,Numeric,THIRD_PARTY_VARIABLE,Pty3rd
365,ym0037,Numeric,THIRD_PARTY_VARIABLE,Pty3rd
366,ym0038,Numeric,THIRD_PARTY_VARIABLE,Pty3rd
367,ym0039,Numeric,THIRD_PARTY_VARIABLE,Pty3rd
368,ym0040,Numeric,THIRD_PARTY_VARIABLE,Pty3rd
369,ym0041,Numeric,THIRD_PARTY_VARIABLE,Pty3rd
370,ym0042,Numeric,THIRD_PARTY_VARIABLE,Pty3rd
371,ym0043,Numeric,THIRD_PARTY_VARIABLE,Pty3rd
372,ym0044,Numeric,THIRD_PARTY_VARIABLE,Pty3rd
373,ym0045,Numeric,THIRD_PARTY_VARIABLE,Pty3rd
374,ym0046,Numeric,THIRD_PARTY_VARIABLE,Pty3rd
375,ym0047,Numeric,THIRD_PARTY_VARIABLE,Pty3rd
376,ym0048,Numeric,THIRD_PARTY_VARIABLE,Pty3rd
377,ym0049,Numeric,THIRD_PARTY_VARIABLE,Pty3rd
378,ym0050,Numeric,THIRD_PARTY_VARIABLE,Pty3rd
379,ym0051,Numeric,THIRD_PARTY_VARIABLE,Pty3rd
380,ym0052,Numeric,THIRD_PARTY_VARIABLE,Pty3rd
381,ym0053,Numeric,THIRD_PARTY_VARIABLE,Pty3rd
382,ym0054,Numeric,THIRD_PARTY_VARIABLE,Pty3rd
383,ym0055,Numeric,THIRD_PARTY_VARIABLE,Pty3rd
384,ym0056,Numeric,THIRD_PARTY_VARIABLE,Pty3rd
385,ym0057,Numeric,THIRD_PARTY_VARIABLE,Pty3rd
386,ym0058,Numeric,THIRD_PARTY_VARIABLE,Pty3rd
387,ym0059,Numeric,THIRD_PARTY_VARIABLE,Pty3rd
388,ym0060,Numeric,THIRD_PARTY_VARIABLE,Pty3rd
389,ym0061,Numeric,THIRD_PARTY_VARIABLE,Pty3rd
390,ym0062,Numeric,THIRD_PARTY_VARIABLE,Pty3rd
391,ym0063,Numeric,THIRD_PARTY_VARIABLE,Pty3rd
392,ym0064,Numeric,THIRD_PARTY_VARIABLE,Pty3rd
393,ym0065,Numeric,THIRD_PARTY_VARIABLE,Pty3rd
394,ym0066,Numeric,THIRD_PARTY_VARIABLE,Pty3rd
395,ym0069,Numeric,THIRD_PARTY_VARIABLE,Pty3rd
396,ym0070,Numeric,THIRD_PARTY_VARIABLE,Pty3rd
397,ym0071,Numeric,THIRD_PARTY_VARIABLE,Pty3rd
398,ym0072,Numeric,THIRD_PARTY_VARIABLE,Pty3rd
399,ym0073,Numeric,THIRD_PARTY_VARIABLE,Pty3rd
400,ym0074,Numeric,THIRD_PARTY_VARIABLE,Pty3rd
401,ym0075,Numeric,THIRD_PARTY_VARIABLE,Pty3rd
402,ym0076,Numeric,THIRD_PARTY_VARIABLE,Pty3rd
403,ym0077,Numeric,THIRD_PARTY_VARIABLE,Pty3rd
404,ym0078,Numeric,THIRD_PARTY_VARIABLE,Pty3rd
405,ym0079,Numeric,THIRD_PARTY_VARIABLE,Pty3rd
406,ym0080,Numeric,THIRD_PARTY_VARIABLE,Pty3rd
407,ym0081,Numeric,THIRD_PARTY_VARIABLE,Pty3rd
408,ym0082,Numeric,THIRD_PARTY_VARIABLE,Pty3rd
409,ym0083,Numeric,THIRD_PARTY_VARIABLE,Pty3rd
410,ym0084,Numeric,THIRD_PARTY_VARIABLE,Pty3rd
411,ym0085,Numeric,THIRD_PARTY_VARIABLE,Pty3rd
412,ym0086,Numeric,THIRD_PARTY_VARIABLE,Pty3rd
413,ym0087,Numeric,THIRD_PARTY_VARIABLE,Pty3rd
414,ym0088,Numeric,THIRD_PARTY_VARIABLE,Pty3rd
415,ym0089,Numeric,THIRD_PARTY_VARIABLE,Pty3rd
416,ym0090,Numeric,THIRD_PARTY_VARIABLE,Pty3rd
417,ym0091,Numeric,THIRD_PARTY_VARIABLE,Pty3rd
418,ym0092,Numeric,THIRD_PARTY_VARIABLE,Pty3rd
419,ym0093,Numeric,THIRD_PARTY_VARIABLE,Pty3rd
420,ym0094,Numeric,THIRD_PARTY_VARIABLE,Pty3rd
421,ym0095,Numeric,THIRD_PARTY_VARIABLE,Pty3rd
422,ym0096,Numeric,THIRD_PARTY_VARIABLE,Pty3rd
423,ym0097,Numeric,THIRD_PARTY_VARIABLE,Pty3rd
424,ym0098,Numeric,THIRD_PARTY_VARIABLE,Pty3rd
425,ym0099,Numeric,THIRD_PARTY_VARIABLE,Pty3rd
426,ym0100,Numeric,THIRD_PARTY_VARIABLE,Pty3rd
427,ym0101,Numeric,THIRD_PARTY_VARIABLE,Pty3rd
428,ym0102,Numeric,THIRD_PARTY_VARIABLE,Pty3rd
429,ym0103,Numeric,THIRD_PARTY_VARIABLE,Pty3rd
430,ym0104,Numeric,THIRD_PARTY_VARIABLE,Pty3rd
431,ym0105,Numeric,THIRD_PARTY_VARIABLE,Pty3rd
432,ym0106,Numeric,THIRD_PARTY_VARIABLE,Pty3rd
433,ym0107,Numeric,THIRD_PARTY_VARIABLE,Pty3rd
434,ym0108,Numeric,THIRD_PARTY_VARIABLE,Pty3rd
435,ym0109,Numeric,THIRD_PARTY_VARIABLE,Pty3rd
436,ym0110,Numeric,THIRD_PARTY_VARIABLE,Pty3rd
437,ym0111,Numeric,THIRD_PARTY_VARIABLE,Pty3rd
438,ym0112,Numeric,THIRD_PARTY_VARIABLE,Pty3rd
439,ym0113,Numeric,THIRD_PARTY_VARIABLE,Pty3rd
440,ym0114,Numeric,THIRD_PARTY_VARIABLE,Pty3rd
441,ym0115,Numeric,THIRD_PARTY_VARIABLE,Pty3rd
442,ym0116,Numeric,THIRD_PARTY_VARIABLE,Pty3rd
443,ym0117,Numeric,THIRD_PARTY_VARIABLE,Pty3rd
444,ym0118,Numeric,THIRD_PARTY_VARIABLE,Pty3rd
445,ym0119,Numeric,THIRD_PARTY_VARIABLE,Pty3rd
446,ym0120,Numeric,THIRD_PARTY_VARIABLE,Pty3rd
447,ym0121,Numeric,THIRD_PARTY_VARIABLE,Pty3rd
448,ym0122,Numeric,THIRD_PARTY_VARIABLE,Pty3rd
449,ym0123,Numeric,THIRD_PARTY_VARIABLE,Pty3rd
450,ym0124,Numeric,THIRD_PARTY_VARIABLE,Pty3rd
451,ym0125,Numeric,THIRD_PARTY_VARIABLE,Pty3rd
452,ym0126,Numeric,THIRD_PARTY_VARIABLE,Pty3rd
453,ym0127,Numeric,THIRD_PARTY_VARIABLE,Pty3rd
454,ym0128,Numeric,THIRD_PARTY_VARIABLE,Pty3rd
455,ym0129,Numeric,THIRD_PARTY_VARIABLE,Pty3rd
456,ym0130,Numeric,THIRD_PARTY_VARIABLE,Pty3rd
457,ym0131,Numeric,THIRD_PARTY_VARIABLE,Pty3rd
458,ym0132,Numeric,THIRD_PARTY_VARIABLE,Pty3rd
459,ym0133,Numeric,THIRD_PARTY_VARIABLE,Pty3rd
460,ym0134,Numeric,THIRD_PARTY_VARIABLE,Pty3rd
461,ym0135,Numeric,THIRD_PARTY_VARIABLE,Pty3rd
462,ym0136,Numeric,THIRD_PARTY_VARIABLE,Pty3rd
463,ym0137,Numeric,THIRD_PARTY_VARIABLE,Pty3rd
464,ym0138,Numeric,THIRD_PARTY_VARIABLE,Pty3rd
465,ym0139,Numeric,THIRD_PARTY_VARIABLE,Pty3rd
466,ym0140,Numeric,THIRD_PARTY_VARIABLE,Pty3rd
467,ym0141,Numeric,THIRD_PARTY_VARIABLE,Pty3rd
468,ym0142,Numeric,THIRD_PARTY_VARIABLE,Pty3rd
469,ym0143,Numeric,THIRD_PARTY_VARIABLE,Pty3rd
470,ym0144,Numeric,THIRD_PARTY_VARIABLE,Pty3rd
471,ym0145,Numeric,THIRD_PARTY_VARIABLE,Pty3rd
472,ym0146,Numeric,THIRD_PARTY_VARIABLE,Pty3rd
473,ym0147,Numeric,THIRD_PARTY_VARIABLE,Pty3rd
474,ym0148,Numeric,THIRD_PARTY_VARIABLE,Pty3rd
475,ym0149,Numeric,THIRD_PARTY_VARIABLE,Pty3rd
476,ym0150,Numeric,THIRD_PARTY_VARIABLE,Pty3rd
477,ym0151,Numeric,THIRD_PARTY_VARIABLE,Pty3rd
478,ym0152,Numeric,THIRD_PARTY_VARIABLE,Pty3rd
479,ym0153,Numeric,THIRD_PARTY_VARIABLE,Pty3rd
480,ym0154,Numeric,THIRD_PARTY_VARIABLE,Pty3rd
481,ym0155,Numeric,THIRD_PARTY_VARIABLE,Pty3rd
482,ym0156,Numeric,THIRD_PARTY_VARIABLE,Pty3rd
483,ym0157,Numeric,THIRD_PARTY_VARIABLE,Pty3rd
484,ym0158,Numeric,THIRD_PARTY_VARIABLE,Pty3rd
485,ym0159,Numeric,THIRD_PARTY_VARIABLE,Pty3rd
486,ym0160,Numeric,THIRD_PARTY_VARIABLE,Pty3rd
487,ym0161,Numeric,THIRD_PARTY_VARIABLE,Pty3rd
488,ym0162,Numeric,THIRD_PARTY_VARIABLE,Pty3rd
489,ym0163,Numeric,THIRD_PARTY_VARIABLE,Pty3rd
490,ym0164,Numeric,THIRD_PARTY_VARIABLE,Pty3rd
491,ym0165,Numeric,THIRD_PARTY_VARIABLE,Pty3rd
492,ym0166,Numeric,THIRD_PARTY_VARIABLE,Pty3rd
493,ym0167,Numeric,THIRD_PARTY_VARIABLE,Pty3rd
494,ym0168,Numeric,THIRD_PARTY_VARIABLE,Pty3rd
495,ym0169,Numeric,THIRD_PARTY_VARIABLE,Pty3rd
496,ym0170,Numeric,THIRD_PARTY_VARIABLE,Pty3rd
497,ym0171,Numeric,THIRD_PARTY_VARIABLE,Pty3rd
498,ym0172,Numeric,THIRD_PARTY_VARIABLE,Pty3rd
499,ym0173,Numeric,THIRD_PARTY_VARIABLE,Pty3rd
500,ym0174,Numeric,THIRD_PARTY_VARIABLE,Pty3rd
501,ym0175,Numeric,THIRD_PARTY_VARIABLE,Pty3rd
502,ym0176,Numeric,THIRD_PARTY_VARIABLE,Pty3rd
503,ym0177,Numeric,THIRD_PARTY_VARIABLE,Pty3rd
504,ym0178,Numeric,THIRD_PARTY_VARIABLE,Pty3rd
505,ym0179,Numeric,THIRD_PARTY_VARIABLE,Pty3rd
506,ym0180,Numeric,THIRD_PARTY_VARIABLE,Pty3rd
507,ym0181,Numeric,THIRD_PARTY_VARIABLE,Pty3rd
508,ym0182,Numeric,THIRD_PARTY_VARIABLE,Pty3rd
509,ym0183,Numeric,THIRD_PARTY_VARIABLE,Pty3rd
510,ym0184,Numeric,THIRD_PARTY_VARIABLE,Pty3rd
511,ym0185,Numeric,THIRD_PARTY_VARIABLE,Pty3rd
512,ym0186,Numeric,THIRD_PARTY_VARIABLE,Pty3rd
513,ym0187,Numeric,THIRD_PARTY_VARIABLE,Pty3rd
514,ym0188,Numeric,THIRD_PARTY_VARIABLE,Pty3rd
515,ym0189,Numeric,THIRD_PARTY_VARIABLE,Pty3rd
516,ym0190,Numeric,THIRD_PARTY_VARIABLE,Pty3rd
517,ym0191,Numeric,THIRD_PARTY_VARIABLE,Pty3rd
518,ym0192,Numeric,THIRD_PARTY_VARIABLE,Pty3rd
519,ym0193,Numeric,THIRD_PARTY_VARIABLE,Pty3rd
520,ym0194,Numeric,THIRD_PARTY_VARIABLE,Pty3rd
521,ym0195,Numeric,THIRD_PARTY_VARIABLE,Pty3rd
522,ym0196,Numeric,THIRD_PARTY_VARIABLE,Pty3rd
523,ym0197,Numeric,THIRD_PARTY_VARIABLE,Pty3rd
524,ym0198,Numeric,THIRD_PARTY_VARIABLE,Pty3rd
525,ym0199,Numeric,THIRD_PARTY_VARIABLE,Pty3rd
526,ym0200,Numeric,THIRD_PARTY_VARIABLE,Pty3rd
527,ym0201,Numeric,THIRD_PARTY_VARIABLE,Pty3rd
528,ym0202,Numeric,THIRD_PARTY_VARIABLE,Pty3rd
529,ym0203,Numeric,THIRD_PARTY_VARIABLE,Pty3rd
530,ym0204,Numeric,THIRD_PARTY_VARIABLE,Pty3rd
531,ym0205,Numeric,THIRD_PARTY_VARIABLE,Pty3rd
532,ym0206,Numeric,THIRD_PARTY_VARIABLE,Pty3rd
533,ym0207,Numeric,THIRD_PARTY_VARIABLE,Pty3rd
534,ym0208,Numeric,THIRD_PARTY_VARIABLE,Pty3rd
535,ym0209,Numeric,THIRD_PARTY_VARIABLE,Pty3rd
536,ym0210,Numeric,THIRD_PARTY_VARIABLE,Pty3rd
537,ym0211,Numeric,THIRD_PARTY_VARIABLE,Pty3rd
538,ym0212,Numeric,THIRD_PARTY_VARIABLE,Pty3rd
539,ym0213,Numeric,THIRD_PARTY_VARIABLE,Pty3rd
540,ym0214,Numeric,THIRD_PARTY_VARIABLE,Pty3rd
541,ym0215,Numeric,THIRD_PARTY_VARIABLE,Pty3rd
542,ym0216,Numeric,THIRD_PARTY_VARIABLE,Pty3rd
543,ym0217,Numeric,THIRD_PARTY_VARIABLE,Pty3rd
544,ym0218,Numeric,THIRD_PARTY_VARIABLE,Pty3rd
545,ym0219,Numeric,THIRD_PARTY_VARIABLE,Pty3rd
546,ym0220,Numeric,THIRD_PARTY_VARIABLE,Pty3rd
547,ym0221,Numeric,THIRD_PARTY_VARIABLE,Pty3rd
548,ym0222,Numeric,THIRD_PARTY_VARIABLE,Pty3rd
549,ym0223,Numeric,THIRD_PARTY_VARIABLE,Pty3rd
550,ym0224,Numeric,THIRD_PARTY_VARIABLE,Pty3rd
551,ym0225,Numeric,THIRD_PARTY_VARIABLE,Pty3rd
552,ym0226,Numeric,THIRD_PARTY_VARIABLE,Pty3rd
553,ym0227,Numeric,THIRD_PARTY_VARIABLE,Pty3rd
554,ym0228,Numeric,THIRD_PARTY_VARIABLE,Pty3rd
555,ym0229,Numeric,THIRD_PARTY_VARIABLE,Pty3rd
556,ym0230,Numeric,THIRD_PARTY_VARIABLE,Pty3rd
557,ym0231,Numeric,THIRD_PARTY_VARIABLE,Pty3rd
558,ym0232,Numeric,THIRD_PARTY_VARIABLE,Pty3rd
559,ym0233,Numeric,THIRD_PARTY_VARIABLE,Pty3rd
560,ym0234,Numeric,THIRD_PARTY_VARIABLE,Pty3rd
561,ym0235,Numeric,THIRD_PARTY_VARIABLE,Pty3rd
562,ym0236,Numeric,THIRD_PARTY_VARIABLE,Pty3rd
563,ym0237,Numeric,THIRD_PARTY_VARIABLE,Pty3rd
564,ym0238,Numeric,THIRD_PARTY_VARIABLE,Pty3rd
565,ym0239,Numeric,THIRD_PARTY_VARIABLE,Pty3rd
566,ym0240,Numeric,THIRD_PARTY_VARIABLE,Pty3rd
567,ym0241,Numeric,THIRD_PARTY_VARIABLE,Pty3rd
568,ym0242,Numeric,THIRD_PARTY_VARIABLE,Pty3rd
569,ym0243,Numeric,THIRD_PARTY_VARIABLE,Pty3rd
570,ym0244,Numeric,THIRD_PARTY_VARIABLE,Pty3rd
571,ym0245,Numeric,THIRD_PARTY_VARIABLE,Pty3rd
572,ym0246,Numeric,THIRD_PARTY_VARIABLE,Pty3rd
573,ym0247,Numeric,THIRD_PARTY_VARIABLE,Pty3rd
574,ym0248,Numeric,THIRD_PARTY_VARIABLE,Pty3rd
575,ym0249,Numeric,THIRD_PARTY_VARIABLE,Pty3rd
576,ym0250,Numeric,THIRD_PARTY_VARIABLE,Pty3rd
577,ym0251,Numeric,THIRD_PARTY_VARIABLE,Pty3rd
578,ym0252,Numeric,THIRD_PARTY_VARIABLE,Pty3rd
579,ym0253,Numeric,THIRD_PARTY_VARIABLE,Pty3rd
580,ym0254,Numeric,THIRD_PARTY_VARIABLE,Pty3rd
581,ym0255,Numeric,THIRD_PARTY_VARIABLE,Pty3rd
582,ym0256,Numeric,THIRD_PARTY_VARIABLE,Pty3rd
583,ym0257,Numeric,THIRD_PARTY_VARIABLE,Pty3rd
584,ym0258,Numeric,THIRD_PARTY_VARIABLE,Pty3rd
585,ym0259,Numeric,THIRD_PARTY_VARIABLE,Pty3rd
586,ym0260,Numeric,THIRD_PARTY_VARIABLE,Pty3rd
587,ym0261,Numeric,THIRD_PARTY_VARIABLE,Pty3rd
588,ym0262,Numeric,THIRD_PARTY_VARIABLE,Pty3rd
589,ym0263,Numeric,THIRD_PARTY_VARIABLE,Pty3rd
590,ym0264,Numeric,THIRD_PARTY_VARIABLE,Pty3rd
591,ym0265,Numeric,THIRD_PARTY_VARIABLE,Pty3rd
592,ym0266,Numeric,THIRD_PARTY_VARIABLE,Pty3rd
593,ym0267,Numeric,THIRD_PARTY_VARIABLE,Pty3rd
594,ym0268,Numeric,THIRD_PARTY_VARIABLE,Pty3rd
595,ym0269,Numeric,THIRD_PARTY_VARIABLE,Pty3rd
596,ym0270,Numeric,THIRD_PARTY_VARIABLE,Pty3rd
597,ym0271,Numeric,THIRD_PARTY_VARIABLE,Pty3rd
598,ym0272,Numeric,THIRD_PARTY_VARIABLE,Pty3rd
599,ym0273,Numeric,THIRD_PARTY_VARIABLE,Pty3rd
600,ym0274,Numeric,THIRD_PARTY_VARIABLE,Pty3rd
601,ym0275,Numeric,THIRD_PARTY_VARIABLE,Pty3rd
602,ym0276,Numeric,THIRD_PARTY_VARIABLE,Pty3rd
603,ym0277,Numeric,THIRD_PARTY_VARIABLE,Pty3rd
604,ym0278,Numeric,THIRD_PARTY_VARIABLE,Pty3rd
605,ym0279,Numeric,THIRD_PARTY_VARIABLE,Pty3rd
606,ym0280,Numeric,THIRD_PARTY_VARIABLE,Pty3rd
607,ym0281,Numeric,THIRD_PARTY_VARIABLE,Pty3rd
608,ym0282,Numeric,THIRD_PARTY_VARIABLE,Pty3rd
609,ym0283,Numeric,THIRD_PARTY_VARIABLE,Pty3rd
610,ym0284,Numeric,THIRD_PARTY_VARIABLE,Pty3rd
611,ym0285,Numeric,THIRD_PARTY_VARIABLE,Pty3rd
612,ym0286,Numeric,THIRD_PARTY_VARIABLE,Pty3rd
613,ym0287,Numeric,THIRD_PARTY_VARIABLE,Pty3rd
614,ym0288,Numeric,THIRD_PARTY_VARIABLE,Pty3rd
615,ym0289,Numeric,THIRD_PARTY_VARIABLE,Pty3rd
616,ym0290,Numeric,THIRD_PARTY_VARIABLE,Pty3rd
617,ym0291,Numeric,THIRD_PARTY_VARIABLE,Pty3rd
618,ym0292,Numeric,THIRD_PARTY_VARIABLE,Pty3rd
619,ym0293,Numeric,THIRD_PARTY_VARIABLE,Pty3rd
620,ym0294,Numeric,THIRD_PARTY_VARIABLE,Pty3rd
621,ym0295,Numeric,THIRD_PARTY_VARIABLE,Pty3rd
622,ym0296,Numeric,THIRD_PARTY_VARIABLE,Pty3rd
623,ym0297,Numeric,THIRD_PARTY_VARIABLE,Pty3rd
624,ym0298,Numeric,THIRD_PARTY_VARIABLE,Pty3rd
625,ym0299,Numeric,THIRD_PARTY_VARIABLE,Pty3rd
626,ym0300,Numeric,THIRD_PARTY_VARIABLE,Pty3rd
627,ym0301,Numeric,THIRD_PARTY_VARIABLE,Pty3rd
628,ym0302,Numeric,THIRD_PARTY_VARIABLE,Pty3rd
629,ym0303,Numeric,THIRD_PARTY_VARIABLE,Pty3rd
630,ym0304,Numeric,THIRD_PARTY_VARIABLE,Pty3rd
631,ym0305,Numeric,THIRD_PARTY_VARIABLE,Pty3rd
632,ym0306,Numeric,THIRD_PARTY_VARIABLE,Pty3rd
633,ym0307,Numeric,THIRD_PARTY_VARIABLE,Pty3rd
634,ym0308,Numeric,THIRD_PARTY_VARIABLE,Pty3rd
635,ym0309,Numeric,THIRD_PARTY_VARIABLE,Pty3rd
636,ym0310,Numeric,THIRD_PARTY_VARIABLE,Pty3rd
637,ym0311,Numeric,THIRD_PARTY_VARIABLE,Pty3rd
638,ym0312,Numeric,THIRD_PARTY_VARIABLE,Pty3rd
639,ym0313,Numeric,THIRD_PARTY_VARIABLE,Pty3rd
640,ym0314,Numeric,THIRD_PARTY_VARIABLE,Pty3rd
641,ym0315,Numeric,THIRD_PARTY_VARIABLE,Pty3rd
642,ym0316,Numeric,THIRD_PARTY_VARIABLE,Pty3rd
643,ym0317,Numeric,THIRD_PARTY_VARIABLE,Pty3rd
644,ym0318,Numeric,THIRD_PARTY_VARIABLE,Pty3rd
645,ym0319,Numeric,THIRD_PARTY_VARIABLE,Pty3rd
646,ym0320,Numeric,THIRD_PARTY_VARIABLE,Pty3rd
647,ym0321,Numeric,THIRD_PARTY_VARIABLE,Pty3rd
648,ym0322,Numeric,THIRD_PARTY_VARIABLE,Pty3rd
649,ym0323,Numeric,THIRD_PARTY_VARIABLE,Pty3rd
650,ym0324,Numeric,THIRD_PARTY_VARIABLE,Pty3rd
651,ym0325,Numeric,THIRD_PARTY_VARIABLE,Pty3rd
652,ym0326,Numeric,THIRD_PARTY_VARIABLE,Pty3rd
653,ym0327,Numeric,THIRD_PARTY_VARIABLE,Pty3rd
654,ym0328,Numeric,THIRD_PARTY_VARIABLE,Pty3rd
655,ym0329,Numeric,THIRD_PARTY_VARIABLE,Pty3rd
656,ym0330,Numeric,THIRD_PARTY_VARIABLE,Pty3rd
657,ym0331,Numeric,THIRD_PARTY_VARIABLE,Pty3rd
658,ym0332,Numeric,THIRD_PARTY_VARIABLE,Pty3rd
659,ym0333,Numeric,THIRD_PARTY_VARIABLE,Pty3rd
660,ym0334,Numeric,THIRD_PARTY_VARIABLE,Pty3rd
661,ym0335,Numeric,THIRD_PARTY_VARIABLE,Pty3rd
662,ym0336,Numeric,THIRD_PARTY_VARIABLE,Pty3rd
663,ym0337,Numeric,THIRD_PARTY_VARIABLE,Pty3rd
664,ym0338,Numeric,THIRD_PARTY_VARIABLE,Pty3rd
665,ym0339,Numeric,THIRD_PARTY_VARIABLE,Pty3rd
666,ym0340,Numeric,THIRD_PARTY_VARIABLE,Pty3rd
667,ym0341,Numeric,THIRD_PARTY_VARIABLE,Pty3rd
668,ym0342,Numeric,THIRD_PARTY_VARIABLE,Pty3rd
669,ym0343,Numeric,THIRD_PARTY_VARIABLE,Pty3rd
670,ym0344,Numeric,THIRD_PARTY_VARIABLE,Pty3rd
671,ym0345,Numeric,THIRD_PARTY_VARIABLE,Pty3rd
672,ym0346,Numeric,THIRD_PARTY_VARIABLE,Pty3rd
673,ym0347,Numeric,THIRD_PARTY_VARIABLE,Pty3rd
674,ym0348,Numeric,THIRD_PARTY_VARIABLE,Pty3rd
675,ym0349,Numeric,THIRD_PARTY_VARIABLE,Pty3rd
676,ym0350,Numeric,THIRD_PARTY_VARIABLE,Pty3rd
677,ym0351,Numeric,THIRD_PARTY_VARIABLE,Pty3rd
678,ym0352,Numeric,THIRD_PARTY_VARIABLE,Pty3rd
679,ym0353,Numeric,THIRD_PARTY_VARIABLE,Pty3rd
680,ym0354,Numeric,THIRD_PARTY_VARIABLE,Pty3rd
681,ym0355,Numeric,THIRD_PARTY_VARIABLE,Pty3rd
682,ym0356,Numeric,THIRD_PARTY_VARIABLE,Pty3rd
683,ym0357,Numeric,THIRD_PARTY_VARIABLE,Pty3rd
684,ym0358,Numeric,THIRD_PARTY_VARIABLE,Pty3rd
685,ym0359,Numeric,THIRD_PARTY_VARIABLE,Pty3rd
686,ym0360,Numeric,THIRD_PARTY_VARIABLE,Pty3rd
687,ym0361,Numeric,THIRD_PARTY_VARIABLE,Pty3rd
688,ym0362,Numeric,THIRD_PARTY_VARIABLE,Pty3rd
689,ym0363,Numeric,THIRD_PARTY_VARIABLE,Pty3rd
690,ym0364,Numeric,THIRD_PARTY_VARIABLE,Pty3rd
691,ym0365,Numeric,THIRD_PARTY_VARIABLE,Pty3rd
692,ym0366,Numeric,THIRD_PARTY_VARIABLE,Pty3rd
693,ym0367,Numeric,THIRD_PARTY_VARIABLE,Pty3rd
694,ym0368,Numeric,THIRD_PARTY_VARIABLE,Pty3rd
695,ym0369,Numeric,THIRD_PARTY_VARIABLE,Pty3rd
696,ym0370,Numeric,THIRD_PARTY_VARIABLE,Pty3rd
697,ym0371,Numeric,THIRD_PARTY_VARIABLE,Pty3rd
698,ym0372,Numeric,THIRD_PARTY_VARIABLE,Pty3rd
699,ym0373,Numeric,THIRD_PARTY_VARIABLE,Pty3rd
700,ym0374,Numeric,THIRD_PARTY_VARIABLE,Pty3rd
701,ym0375,Numeric,THIRD_PARTY_VARIABLE,Pty3rd
702,ym0376,Numeric,THIRD_PARTY_VARIABLE,Pty3rd
703,ym0377,Numeric,THIRD_PARTY_VARIABLE,Pty3rd
704,ym0378,Numeric,THIRD_PARTY_VARIABLE,Pty3rd
705,ym0379,Numeric,THIRD_PARTY_VARIABLE,Pty3rd
706,ym0380,Numeric,THIRD_PARTY_VARIABLE,Pty3rd
707,ym0381,Numeric,THIRD_PARTY_VARIABLE,Pty3rd
708,ym0382,Numeric,THIRD_PARTY_VARIABLE,Pty3rd
709,ym0383,Numeric,THIRD_PARTY_VARIABLE,Pty3rd
710,ym0384,Numeric,THIRD_PARTY_VARIABLE,Pty3rd
711,ym0385,Numeric,THIRD_PARTY_VARIABLE,Pty3rd
712,ym0386,Numeric,THIRD_PARTY_VARIABLE,Pty3rd
713,ym0387,Numeric,THIRD_PARTY_VARIABLE,Pty3rd
714,ym0388,Numeric,THIRD_PARTY_VARIABLE,Pty3rd
715,ym0389,Numeric,THIRD_PARTY_VARIABLE,Pty3rd
716,ym0390,Numeric,THIRD_PARTY_VARIABLE,Pty3rd
717,ym0391,Numeric,THIRD_PARTY_VARIABLE,Pty3rd
718,ym0392,Numeric,THIRD_PARTY_VARIABLE,Pty3rd
719,ym0393,Numeric,THIRD_PARTY_VARIABLE,Pty3rd
720,ym0394,Numeric,THIRD_PARTY_VARIABLE,Pty3rd
721,ym0395,Numeric,THIRD_PARTY_VARIABLE,Pty3rd
722,ym0396,Numeric,THIRD_PARTY_VARIABLE,Pty3rd
723,ym0397,Numeric,THIRD_PARTY_VARIABLE,Pty3rd
724,ym0398,Numeric,THIRD_PARTY_VARIABLE,Pty3rd
725,ym0399,Numeric,THIRD_PARTY_VARIABLE,Pty3rd
726,ym0400,Numeric,THIRD_PARTY_VARIABLE,Pty3rd
727,ym0401,Numeric,THIRD_PARTY_VARIABLE,Pty3rd
728,ym0402,Numeric,THIRD_PARTY_VARIABLE,Pty3rd
729,ym0403,Numeric,THIRD_PARTY_VARIABLE,Pty3rd
730,ym0404,Numeric,THIRD_PARTY_VARIABLE,Pty3rd
731,ym0405,Numeric,THIRD_PARTY_VARIABLE,Pty3rd
732,ym0406,Numeric,THIRD_PARTY_VARIABLE,Pty3rd
733,ym0407,Numeric,THIRD_PARTY_VARIABLE,Pty3rd
734,ym0408,Numeric,THIRD_PARTY_VARIABLE,Pty3rd
735,ym0409,Numeric,THIRD_PARTY_VARIABLE,Pty3rd
736,ym0410,Numeric,THIRD_PARTY_VARIABLE,Pty3rd
737,ym0411,Numeric,THIRD_PARTY_VARIABLE,Pty3rd
738,ym0412,Numeric,THIRD_PARTY_VARIABLE,Pty3rd
739,ym0413,Numeric,THIRD_PARTY_VARIABLE,Pty3rd
740,ym0414,Numeric,THIRD_PARTY_VARIABLE,Pty3rd
741,ym0415,Numeric,THIRD_PARTY_VARIABLE,Pty3rd
742,ym0416,Numeric,THIRD_PARTY_VARIABLE,Pty3rd
743,ym0417,Numeric,THIRD_PARTY_VARIABLE,Pty3rd
744,ym0418,Numeric,THIRD_PARTY_VARIABLE,Pty3rd
745,ym0419,Numeric,THIRD_PARTY_VARIABLE,Pty3rd
746,ym0420,Numeric,THIRD_PARTY_VARIABLE,Pty3rd
747,ym0421,Numeric,THIRD_PARTY_VARIABLE,Pty3rd
748,ym0422,Numeric,THIRD_PARTY_VARIABLE,Pty3rd
749,ym0423,Numeric,THIRD_PARTY_VARIABLE,Pty3rd
750,ym0424,Numeric,THIRD_PARTY_VARIABLE,Pty3rd
751,ym0425,Numeric,THIRD_PARTY_VARIABLE,Pty3rd
752,ym0426,Numeric,THIRD_PARTY_VARIABLE,Pty3rd
753,ym0427,Numeric,THIRD_PARTY_VARIABLE,Pty3rd
754,ym0428,Numeric,THIRD_PARTY_VARIABLE,Pty3rd
755,ym0429,Numeric,THIRD_PARTY_VARIABLE,Pty3rd
756,ym0430,Numeric,THIRD_PARTY_VARIABLE,Pty3rd
757,ym0431,Numeric,THIRD_PARTY_VARIABLE,Pty3rd
758,ym0432,Numeric,THIRD_PARTY_VARIABLE,Pty3rd
759,ym0433,Numeric,THIRD_PARTY_VARIABLE,Pty3rd
760,ym0434,Numeric,THIRD_PARTY_VARIABLE,Pty3rd
761,ym0435,Numeric,THIRD_PARTY_VARIABLE,Pty3rd
762,ym0436,Numeric,THIRD_PARTY_VARIABLE,Pty3rd
763,ym0437,Numeric,THIRD_PARTY_VARIABLE,Pty3rd
764,ym0438,Numeric,THIRD_PARTY_VARIABLE,Pty3rd
765,ym0439,Numeric,THIRD_PARTY_VARIABLE,Pty3rd
766,ym0440,Numeric,THIRD_PARTY_VARIABLE,Pty3rd
767,ym0441,Numeric,THIRD_PARTY_VARIABLE,Pty3rd
768,ym0442,Numeric,THIRD_PARTY_VARIABLE,Pty3rd
769,ym0443,Numeric,THIRD_PARTY_VARIABLE,Pty3rd
770,ym0444,Numeric,THIRD_PARTY_VARIABLE,Pty3rd
771,ym0445,Numeric,THIRD_PARTY_VARIABLE,Pty3rd
772,ym0446,Numeric,THIRD_PARTY_VARIABLE,Pty3rd
773,ym0447,Numeric,THIRD_PARTY_VARIABLE,Pty3rd
774,ym0448,Numeric,THIRD_PARTY_VARIABLE,Pty3rd
775,ym0449,Numeric,THIRD_PARTY_VARIABLE,Pty3rd
776,ym0450,Numeric,THIRD_PARTY_VARIABLE,Pty3rd
777,ym0451,Numeric,THIRD_PARTY_VARIABLE,Pty3rd
778,ym0452,Numeric,THIRD_PARTY_VARIABLE,Pty3rd
779,ym0453,Numeric,THIRD_PARTY_VARIABLE,Pty3rd
780,ym0456,Numeric,THIRD_PARTY_VARIABLE,Pty3rd
781,ym0457,Numeric,THIRD_PARTY_VARIABLE,Pty3rd
782,ym0458,Numeric,THIRD_PARTY_VARIABLE,Pty3rd
783,ym0459,Numeric,THIRD_PARTY_VARIABLE,Pty3rd
784,ym0460,Numeric,THIRD_PARTY_VARIABLE,Pty3rd
785,ym0461,Numeric,THIRD_PARTY_VARIABLE,Pty3rd
786,ym0462,Numeric,THIRD_PARTY_VARIABLE,Pty3rd
787,ym0463,Numeric,THIRD_PARTY_VARIABLE,Pty3rd
788,ym0464,Numeric,THIRD_PARTY_VARIABLE,Pty3rd
789,ym0465,Numeric,THIRD_PARTY_VARIABLE,Pty3rd
790,ym0466,Numeric,THIRD_PARTY_VARIABLE,Pty3rd
791,ym0467,Numeric,THIRD_PARTY_VARIABLE,Pty3rd
792,ym0468,Numeric,THIRD_PARTY_VARIABLE,Pty3rd
793,ym0469,Numeric,THIRD_PARTY_VARIABLE,Pty3rd
794,ym0470,Numeric,THIRD_PARTY_VARIABLE,Pty3rd
795,ym0471,Numeric,THIRD_PARTY_VARIABLE,Pty3rd
796,ym0472,Numeric,THIRD_PARTY_VARIABLE,Pty3rd
797,ym0473,Numeric,THIRD_PARTY_VARIABLE,Pty3rd
798,ym0474,Numeric,THIRD_PARTY_VARIABLE,Pty3rd
799,ym0475,Numeric,THIRD_PARTY_VARIABLE,Pty3rd
800,ym0478,Numeric,THIRD_PARTY_VARIABLE,Pty3rd
801,ym0479,Numeric,THIRD_PARTY_VARIABLE,Pty3rd
802,ym0480,Numeric,THIRD_PARTY_VARIABLE,Pty3rd
803,ym0481,Numeric,THIRD_PARTY_VARIABLE,Pty3rd
804,ym0482,Numeric,THIRD_PARTY_VARIABLE,Pty3rd
805,ym0483,Numeric,THIRD_PARTY_VARIABLE,Pty3rd
806,ym0484,Numeric,THIRD_PARTY_VARIABLE,Pty3rd
807,ym0485,Numeric,THIRD_PARTY_VARIABLE,Pty3rd
808,ym0486,Numeric,THIRD_PARTY_VARIABLE,Pty3rd
809,ym0487,Numeric,THIRD_PARTY_VARIABLE,Pty3rd
810,ym0488,Numeric,THIRD_PARTY_VARIABLE,Pty3rd
811,ym0489,Numeric,THIRD_PARTY_VARIABLE,Pty3rd
812,ym0490,Numeric,THIRD_PARTY_VARIABLE,Pty3rd
813,ym0491,Numeric,THIRD_PARTY_VARIABLE,Pty3rd
814,ym0492,Numeric,THIRD_PARTY_VARIABLE,Pty3rd
815,ym0493,Numeric,THIRD_PARTY_VARIABLE,Pty3rd
816,ym0494,Numeric,THIRD_PARTY_VARIABLE,Pty3rd
817,ym0495,Numeric,THIRD_PARTY_VARIABLE,Pty3rd
818,ym0496,Numeric,THIRD_PARTY_VARIABLE,Pty3rd
819,ym0497,Numeric,THIRD_PARTY_VARIABLE,Pty3rd
820,ym0498,Numeric,THIRD_PARTY_VARIABLE,Pty3rd
821,ym0499,Numeric,THIRD_PARTY_VARIABLE,Pty3rd
822,ym0500,Numeric,THIRD_PARTY_VARIABLE,Pty3rd
823,ym0501,Numeric,THIRD_PARTY_VARIABLE,Pty3rd
824,ym0502,Numeric,THIRD_PARTY_VARIABLE,Pty3rd
825,ym0503,Numeric,THIRD_PARTY_VARIABLE,Pty3rd
826,ym0504,Numeric,THIRD_PARTY_VARIABLE,Pty3rd
827,ym0505,Numeric,THIRD_PARTY_VARIABLE,Pty3rd
828,ym0506,Numeric,THIRD_PARTY_VARIABLE,Pty3rd
829,ym0507,Numeric,THIRD_PARTY_VARIABLE,Pty3rd
830,ym0508,Numeric,THIRD_PARTY_VARIABLE,Pty3rd
831,ym0509,Numeric,THIRD_PARTY_VARIABLE,Pty3rd
832,ym0510,Numeric,THIRD_PARTY_VARIABLE,Pty3rd
833,ym0511,Numeric,THIRD_PARTY_VARIABLE,Pty3rd
834,ym0512,Numeric,THIRD_PARTY_VARIABLE,Pty3rd
835,ym0513,Numeric,THIRD_PARTY_VARIABLE,Pty3rd
836,ym0514,Numeric,THIRD_PARTY_VARIABLE,Pty3rd
837,ym0515,Numeric,THIRD_PARTY_VARIABLE,Pty3rd
838,ym0516,Numeric,THIRD_PARTY_VARIABLE,Pty3rd
839,ym0517,Numeric,THIRD_PARTY_VARIABLE,Pty3rd
840,ym0518,Numeric,THIRD_PARTY_VARIABLE,Pty3rd
841,ym0519,Numeric,THIRD_PARTY_VARIABLE,Pty3rd
842,ym0520,Numeric,THIRD_PARTY_VARIABLE,Pty3rd
843,ym0521,Numeric,THIRD_PARTY_VARIABLE,Pty3rd
844,ym0522,Numeric,THIRD_PARTY_VARIABLE,Pty3rd
845,ym0523,Numeric,THIRD_PARTY_VARIABLE,Pty3rd
846,ym0524,Numeric,THIRD_PARTY_VARIABLE,Pty3rd
847,ym0525,Numeric,THIRD_PARTY_VARIABLE,Pty3rd
848,ym0526,Numeric,THIRD_PARTY_VARIABLE,Pty3rd
849,ym0527,Numeric,THIRD_PARTY_VARIABLE,Pty3rd
850,ym0528,Numeric,THIRD_PARTY_VARIABLE,Pty3rd
851,ym0529,Numeric,THIRD_PARTY_VARIABLE,Pty3rd
852,ym0530,Numeric,THIRD_PARTY_VARIABLE,Pty3rd
853,ym0531,Numeric,THIRD_PARTY_VARIABLE,Pty3rd
854,ym0532,Numeric,THIRD_PARTY_VARIABLE,Pty3rd
855,ym0533,Numeric,THIRD_PARTY_VARIABLE,Pty3rd
856,ym0534,Numeric,THIRD_PARTY_VARIABLE,Pty3rd
857,ym0535,Numeric,THIRD_PARTY_VARIABLE,Pty3rd
858,ym0536,Numeric,THIRD_PARTY_VARIABLE,Pty3rd
859,ym0537,Numeric,THIRD_PARTY_VARIABLE,Pty3rd
860,ym0538,Numeric,THIRD_PARTY_VARIABLE,Pty3rd
861,ym0539,Numeric,THIRD_PARTY_VARIABLE,Pty3rd
862,ym0540,Numeric,THIRD_PARTY_VARIABLE,Pty3rd
863,ym0541,Numeric,THIRD_PARTY_VARIABLE,Pty3rd
864,ym0542,Numeric,THIRD_PARTY_VARIABLE,Pty3rd
865,ym0543,Numeric,THIRD_PARTY_VARIABLE,Pty3rd
866,ym0544,Numeric,THIRD_PARTY_VARIABLE,Pty3rd
867,ym0545,Numeric,THIRD_PARTY_VARIABLE,Pty3rd
868,ym0546,Numeric,THIRD_PARTY_VARIABLE,Pty3rd
869,ym0547,Numeric,THIRD_PARTY_VARIABLE,Pty3rd
870,ym0548,Numeric,THIRD_PARTY_VARIABLE,Pty3rd
871,ym0549,Numeric,THIRD_PARTY_VARIABLE,Pty3rd
872,ym0550,Numeric,THIRD_PARTY_VARIABLE,Pty3rd
873,ym0551,Numeric,THIRD_PARTY_VARIABLE,Pty3rd
874,ym0552,Numeric,THIRD_PARTY_VARIABLE,Pty3rd
875,ym0553,Numeric,THIRD_PARTY_VARIABLE,Pty3rd
876,ym0556,Numeric,THIRD_PARTY_VARIABLE,Pty3rd
877,ym0557,Numeric,THIRD_PARTY_VARIABLE,Pty3rd
878,ym0558,Numeric,THIRD_PARTY_VARIABLE,Pty3rd
879,ym0559,Numeric,THIRD_PARTY_VARIABLE,Pty3rd
880,ym0560,Numeric,THIRD_PARTY_VARIABLE,Pty3rd
881,ym0561,Numeric,THIRD_PARTY_VARIABLE,Pty3rd
882,ym0562,Numeric,THIRD_PARTY_VARIABLE,Pty3rd
883,ym0563,Numeric,THIRD_PARTY_VARIABLE,Pty3rd
884,ym0564,Numeric,THIRD_PARTY_VARIABLE,Pty3rd
885,ym0565,Numeric,THIRD_PARTY_VARIABLE,Pty3rd
886,ym0566,Numeric,THIRD_PARTY_VARIABLE,Pty3rd
887,ym0567,Numeric,THIRD_PARTY_VARIABLE,Pty3rd
888,ym0568,Numeric,THIRD_PARTY_VARIABLE,Pty3rd
889,ym0569,Numeric,THIRD_PARTY_VARIABLE,Pty3rd
890,ym0570,Numeric,THIRD_PARTY_VARIABLE,Pty3rd
891,ym0571,Numeric,THIRD_PARTY_VARIABLE,Pty3rd
892,ym0574,Numeric,THIRD_PARTY_VARIABLE,Pty3rd
893,ym0575,Numeric,THIRD_PARTY_VARIABLE,Pty3rd
894,ym0576,Numeric,THIRD_PARTY_VARIABLE,Pty3rd
895,ym0577,Numeric,THIRD_PARTY_VARIABLE,Pty3rd
896,ym0578,Numeric,THIRD_PARTY_VARIABLE,Pty3rd
897,ym0579,Numeric,THIRD_PARTY_VARIABLE,Pty3rd
898,ym0580,Numeric,THIRD_PARTY_VARIABLE,Pty3rd
899,ym0581,Numeric,THIRD_PARTY_VARIABLE,Pty3rd
900,ym0582,Numeric,THIRD_PARTY_VARIABLE,Pty3rd
901,ym0583,Numeric,THIRD_PARTY_VARIABLE,Pty3rd
902,ym0586,Numeric,THIRD_PARTY_VARIABLE,Pty3rd
903,ym0587,Numeric,THIRD_PARTY_VARIABLE,Pty3rd
904,ym0588,Numeric,THIRD_PARTY_VARIABLE,Pty3rd
905,ym0589,Numeric,THIRD_PARTY_VARIABLE,Pty3rd
906,ym0590,Numeric,THIRD_PARTY_VARIABLE,Pty3rd
907,ym0591,Numeric,THIRD_PARTY_VARIABLE,Pty3rd
908,ym0592,Numeric,THIRD_PARTY_VARIABLE,Pty3rd
909,ym0593,Numeric,THIRD_PARTY_VARIABLE,Pty3rd
910,ym0594,Numeric,THIRD_PARTY_VARIABLE,Pty3rd
911,ym0595,Numeric,THIRD_PARTY_VARIABLE,Pty3rd
912,ym0596,Numeric,THIRD_PARTY_VARIABLE,Pty3rd
913,ym0597,Numeric,THIRD_PARTY_VARIABLE,Pty3rd
914,ym0600,Numeric,THIRD_PARTY_VARIABLE,Pty3rd
915,ym0601,Numeric,THIRD_PARTY_VARIABLE,Pty3rd
916,ym0602,Numeric,THIRD_PARTY_VARIABLE,Pty3rd
917,ym0603,Numeric,THIRD_PARTY_VARIABLE,Pty3rd
918,ym0604,Numeric,THIRD_PARTY_VARIABLE,Pty3rd
919,ym0605,Numeric,THIRD_PARTY_VARIABLE,Pty3rd
920,ym0610,Numeric,THIRD_PARTY_VARIABLE,Pty3rd
921,ym0611,Numeric,THIRD_PARTY_VARIABLE,Pty3rd
922,ym0612,Numeric,THIRD_PARTY_VARIABLE,Pty3rd
923,ym0613,Numeric,THIRD_PARTY_VARIABLE,Pty3rd
924,ym0614,Numeric,THIRD_PARTY_VARIABLE,Pty3rd
925,ym0615,Numeric,THIRD_PARTY_VARIABLE,Pty3rd
926,ym0616,Numeric,THIRD_PARTY_VARIABLE,Pty3rd
927,ym0617,Numeric,THIRD_PARTY_VARIABLE,Pty3rd
928,ym0618,Numeric,THIRD_PARTY_VARIABLE,Pty3rd
929,ym0619,Numeric,THIRD_PARTY_VARIABLE,Pty3rd
930,ym0620,Numeric,THIRD_PARTY_VARIABLE,Pty3rd
931,ym0621,Numeric,THIRD_PARTY_VARIABLE,Pty3rd
932,ym0622,Numeric,THIRD_PARTY_VARIABLE,Pty3rd
933,ym0623,Numeric,THIRD_PARTY_VARIABLE,Pty3rd
934,ym0626,Numeric,THIRD_PARTY_VARIABLE,Pty3rd
935,ym0627,Numeric,THIRD_PARTY_VARIABLE,Pty3rd
936,ym0628,Numeric,THIRD_PARTY_VARIABLE,Pty3rd
937,ym0629,Numeric,THIRD_PARTY_VARIABLE,Pty3rd
938,ym0630,Numeric,THIRD_PARTY_VARIABLE,Pty3rd
939,ym0631,Numeric,THIRD_PARTY_VARIABLE,Pty3rd
940,ym0636,Numeric,THIRD_PARTY_VARIABLE,Pty3rd
941,ym0637,Numeric,THIRD_PARTY_VARIABLE,Pty3rd
942,ym0638,Numeric,THIRD_PARTY_VARIABLE,Pty3rd
943,ym0639,Numeric,THIRD_PARTY_VARIABLE,Pty3rd
944,ym0640,Numeric,THIRD_PARTY_VARIABLE,Pty3rd
945,ym0641,Numeric,THIRD_PARTY_VARIABLE,Pty3rd
946,ym0642,Numeric,THIRD_PARTY_VARIABLE,Pty3rd
947,ym0643,Numeric,THIRD_PARTY_VARIABLE,Pty3rd
948,ym0644,Numeric,THIRD_PARTY_VARIABLE,Pty3rd
949,ym0645,Numeric,THIRD_PARTY_VARIABLE,Pty3rd
950,ym0646,Numeric,THIRD_PARTY_VARIABLE,Pty3rd
951,ym0647,Numeric,THIRD_PARTY_VARIABLE,Pty3rd
952,ym0648,Numeric,THIRD_PARTY_VARIABLE,Pty3rd
953,ym0649,Numeric,THIRD_PARTY_VARIABLE,Pty3rd
954,ym0650,Numeric,THIRD_PARTY_VARIABLE,Pty3rd
955,ym0651,Numeric,THIRD_PARTY_VARIABLE,Pty3rd
956,ym0652,Numeric,THIRD_PARTY_VARIABLE,Pty3rd
957,ym0653,Numeric,THIRD_PARTY_VARIABLE,Pty3rd
958,ym0654,Numeric,THIRD_PARTY_VARIABLE,Pty3rd
959,ym0655,Numeric,THIRD_PARTY_VARIABLE,Pty3rd
960,ym0656,Numeric,THIRD_PARTY_VARIABLE,Pty3rd
961,ym0657,Numeric,THIRD_PARTY_VARIABLE,Pty3rd
962,ym0658,Numeric,THIRD_PARTY_VARIABLE,Pty3rd
963,ym0659,Numeric,THIRD_PARTY_VARIABLE,Pty3rd
964,ym0660,Numeric,THIRD_PARTY_VARIABLE,Pty3rd
965,ym0661,Numeric,THIRD_PARTY_VARIABLE,Pty3rd
966,ym0662,Numeric,THIRD_PARTY_VARIABLE,Pty3rd
967,ym0663,Numeric,THIRD_PARTY_VARIABLE,Pty3rd
968,ym0664,Numeric,THIRD_PARTY_VARIABLE,Pty3rd
969,ym0665,Numeric,THIRD_PARTY_VARIABLE,Pty3rd
970,ym0666,Numeric,THIRD_PARTY_VARIABLE,Pty3rd
971,ym0667,Numeric,THIRD_PARTY_VARIABLE,Pty3rd
972,ym0672,Numeric,THIRD_PARTY_VARIABLE,Pty3rd
973,ym0673,Numeric,THIRD_PARTY_VARIABLE,Pty3rd
974,ym0674,Numeric,THIRD_PARTY_VARIABLE,Pty3rd
975,ym0675,Numeric,THIRD_PARTY_VARIABLE,Pty3rd
976,ym0678,Numeric,THIRD_PARTY_VARIABLE,Pty3rd
977,ym0679,Numeric,THIRD_PARTY_VARIABLE,Pty3rd
978,ym0682,Numeric,THIRD_PARTY_VARIABLE,Pty3rd
979,ym0683,Numeric,THIRD_PARTY_VARIABLE,Pty3rd
980,ym0684,Numeric,THIRD_PARTY_VARIABLE,Pty3rd
981,ym0685,Numeric,THIRD_PARTY_VARIABLE,Pty3rd
982,ym0686,Numeric,THIRD_PARTY_VARIABLE,Pty3rd
983,ym0687,Numeric,THIRD_PARTY_VARIABLE,Pty3rd
984,ym0692,Numeric,THIRD_PARTY_VARIABLE,Pty3rd
985,ym0693,Numeric,THIRD_PARTY_VARIABLE,Pty3rd
986,ym0694,Numeric,THIRD_PARTY_VARIABLE,Pty3rd
987,ym0695,Numeric,THIRD_PARTY_VARIABLE,Pty3rd
988,ym0696,Numeric,THIRD_PARTY_VARIABLE,Pty3rd
989,ym0697,Numeric,THIRD_PARTY_VARIABLE,Pty3rd
990,ym0700,Numeric,THIRD_PARTY_VARIABLE,Pty3rd
991,ym0701,Numeric,THIRD_PARTY_VARIABLE,Pty3rd
992,ym0702,Numeric,THIRD_PARTY_VARIABLE,Pty3rd
993,ym0703,Numeric,THIRD_PARTY_VARIABLE,Pty3rd
994,ym0704,Numeric,THIRD_PARTY_VARIABLE,Pty3rd
995,ym0705,Numeric,THIRD_PARTY_VARIABLE,Pty3rd
996,ym0706,Numeric,THIRD_PARTY_VARIABLE,Pty3rd
997,ym0707,Numeric,THIRD_PARTY_VARIABLE,Pty3rd
998,ym0708,Numeric,THIRD_PARTY_VARIABLE,Pty3rd
999,ym0709,Numeric,THIRD_PARTY_VARIABLE,Pty3rd
1000,ym0710,Numeric,THIRD_PARTY_VARIABLE,Pty3rd
1001,ym0711,Numeric,THIRD_PARTY_VARIABLE,Pty3rd
1002,ym0714,Numeric,THIRD_PARTY_VARIABLE,Pty3rd
1003,ym0715,Numeric,THIRD_PARTY_VARIABLE,Pty3rd
1004,ym0720,Numeric,THIRD_PARTY_VARIABLE,Pty3rd
1005,ym0721,Numeric,THIRD_PARTY_VARIABLE,Pty3rd
1006,ym0726,Numeric,THIRD_PARTY_VARIABLE,Pty3rd
1007,ym0727,Numeric,THIRD_PARTY_VARIABLE,Pty3rd
1008,ym0730,Numeric,THIRD_PARTY_VARIABLE,Pty3rd
1009,ym0731,Numeric,THIRD_PARTY_VARIABLE,Pty3rd
1010,ym0732,Numeric,THIRD_PARTY_VARIABLE,Pty3rd
1011,ym0733,Numeric,THIRD_PARTY_VARIABLE,Pty3rd
1012,ym0734,Numeric,THIRD_PARTY_VARIABLE,Pty3rd
1013,ym0735,Numeric,THIRD_PARTY_VARIABLE,Pty3rd
1014,ym0740,Numeric,THIRD_PARTY_VARIABLE,Pty3rd
1015,ym0741,Numeric,THIRD_PARTY_VARIABLE,Pty3rd
1016,ym0750,Numeric,THIRD_PARTY_VARIABLE,Pty3rd
1017,ym0751,Numeric,THIRD_PARTY_VARIABLE,Pty3rd
1018,ym0752,Numeric,THIRD_PARTY_VARIABLE,Pty3rd
1019,ym0753,Numeric,THIRD_PARTY_VARIABLE,Pty3rd
1020,ym0756,Numeric,THIRD_PARTY_VARIABLE,Pty3rd
1021,ym0757,Numeric,THIRD_PARTY_VARIABLE,Pty3rd
1022,ym0760,Numeric,THIRD_PARTY_VARIABLE,Pty3rd
1023,ym0761,Numeric,THIRD_PARTY_VARIABLE,Pty3rd
1024,ym0762,Numeric,THIRD_PARTY_VARIABLE,Pty3rd
1025,ym0763,Numeric,THIRD_PARTY_VARIABLE,Pty3rd
1026,ym0766,Numeric,THIRD_PARTY_VARIABLE,Pty3rd
1027,ym0767,Numeric,THIRD_PARTY_VARIABLE,Pty3rd
1028,ym0768,Numeric,THIRD_PARTY_VARIABLE,Pty3rd
1029,ym0769,Numeric,THIRD_PARTY_VARIABLE,Pty3rd
1030,ym0772,Numeric,THIRD_PARTY_VARIABLE,Pty3rd
1031,ym0773,Numeric,THIRD_PARTY_VARIABLE,Pty3rd
1032,ym0774,Numeric,THIRD_PARTY_VARIABLE,Pty3rd
1033,ym0775,Numeric,THIRD_PARTY_VARIABLE,Pty3rd
1034,ym0778,Numeric,THIRD_PARTY_VARIABLE,Pty3rd
1035,ym0779,Numeric,THIRD_PARTY_VARIABLE,Pty3rd
1036,ym0784,Numeric,THIRD_PARTY_VARIABLE,Pty3rd
1037,ym0785,Numeric,THIRD_PARTY_VARIABLE,Pty3rd
1038,ym0786,Numeric,THIRD_PARTY_VARIABLE,Pty3rd
1039,ym0787,Numeric,THIRD_PARTY_VARIABLE,Pty3rd
1040,ym0788,Numeric,THIRD_PARTY_VARIABLE,Pty3rd
1041,ym0789,Numeric,THIRD_PARTY_VARIABLE,Pty3rd
1042,ym0790,Numeric,THIRD_PARTY_VARIABLE,Pty3rd
1043,ym0791,Numeric,THIRD_PARTY_VARIABLE,Pty3rd
1044,ym0792,Numeric,THIRD_PARTY_VARIABLE,Pty3rd
1045,ym0793,Numeric,THIRD_PARTY_VARIABLE,Pty3rd
1046,ym0794,Numeric,THIRD_PARTY_VARIABLE,Pty3rd
1047,ym0795,Numeric,THIRD_PARTY_VARIABLE,Pty3rd
1048,ym0796,Numeric,THIRD_PARTY_VARIABLE,Pty3rd
1049,ym0797,Numeric,THIRD_PARTY_VARIABLE,Pty3rd
1050,ym0798,Numeric,THIRD_PARTY_VARIABLE,Pty3rd
1051,ym0799,Numeric,THIRD_PARTY_VARIABLE,Pty3rd
1052,ym0800,Numeric,THIRD_PARTY_VARIABLE,Pty3rd
1053,ym0801,Numeric,THIRD_PARTY_VARIABLE,Pty3rd
1054,ym0802,Numeric,THIRD_PARTY_VARIABLE,Pty3rd
1055,ym0803,Numeric,THIRD_PARTY_VARIABLE,Pty3rd
1056,ym0804,Numeric,THIRD_PARTY_VARIABLE,Pty3rd
1057,ym0805,Numeric,THIRD_PARTY_VARIABLE,Pty3rd
1058,ym0812,Numeric,THIRD_PARTY_VARIABLE,Pty3rd
1059,ym0813,Numeric,THIRD_PARTY_VARIABLE,Pty3rd
1060,ym0816,Numeric,THIRD_PARTY_VARIABLE,Pty3rd
1061,ym0817,Numeric,THIRD_PARTY_VARIABLE,Pty3rd
1062,ym0818,Numeric,THIRD_PARTY_VARIABLE,Pty3rd
1063,ym0819,Numeric,THIRD_PARTY_VARIABLE,Pty3rd
1064,ym0820,Numeric,THIRD_PARTY_VARIABLE,Pty3rd
1065,ym0821,Numeric,THIRD_PARTY_VARIABLE,Pty3rd
1066,ym0822,Numeric,THIRD_PARTY_VARIABLE,Pty3rd
1067,ym0823,Numeric,THIRD_PARTY_VARIABLE,Pty3rd
1068,ym0824,Numeric,THIRD_PARTY_VARIABLE,Pty3rd
1069,ym0825,Numeric,THIRD_PARTY_VARIABLE,Pty3rd
1070,ym0828,Numeric,THIRD_PARTY_VARIABLE,Pty3rd
1071,ym0829,Numeric,THIRD_PARTY_VARIABLE,Pty3rd
1072,ym0830,Numeric,THIRD_PARTY_VARIABLE,Pty3rd
1073,ym0831,Numeric,THIRD_PARTY_VARIABLE,Pty3rd
1074,ym0834,Numeric,THIRD_PARTY_VARIABLE,Pty3rd
1075,ym0835,Numeric,THIRD_PARTY_VARIABLE,Pty3rd
1076,ym0836,Numeric,THIRD_PARTY_VARIABLE,Pty3rd
1077,ym0837,Numeric,THIRD_PARTY_VARIABLE,Pty3rd
1078,ym0840,Numeric,THIRD_PARTY_VARIABLE,Pty3rd
1079,ym0841,Numeric,THIRD_PARTY_VARIABLE,Pty3rd
1080,ym0844,Numeric,THIRD_PARTY_VARIABLE,Pty3rd
1081,ym0845,Numeric,THIRD_PARTY_VARIABLE,Pty3rd
1082,ym0846,Numeric,THIRD_PARTY_VARIABLE,Pty3rd
1083,ym0847,Numeric,THIRD_PARTY_VARIABLE,Pty3rd
1084,ym0850,Numeric,THIRD_PARTY_VARIABLE,Pty3rd
1085,ym0851,Numeric,THIRD_PARTY_VARIABLE,Pty3rd
1086,ym0852,Numeric,THIRD_PARTY_VARIABLE,Pty3rd
1087,ym0853,Numeric,THIRD_PARTY_VARIABLE,Pty3rd
1088,ym0854,Numeric,THIRD_PARTY_VARIABLE,Pty3rd
1089,ym0855,Numeric,THIRD_PARTY_VARIABLE,Pty3rd
1090,ym0858,Numeric,THIRD_PARTY_VARIABLE,Pty3rd
1091,ym0859,Numeric,THIRD_PARTY_VARIABLE,Pty3rd
1092,ym0864,Numeric,THIRD_PARTY_VARIABLE,Pty3rd
1093,ym0865,Numeric,THIRD_PARTY_VARIABLE,Pty3rd
1094,ym0866,Numeric,THIRD_PARTY_VARIABLE,Pty3rd
1095,ym0867,Numeric,THIRD_PARTY_VARIABLE,Pty3rd
1096,ym0868,Numeric,THIRD_PARTY_VARIABLE,Pty3rd
1097,ym0869,Numeric,THIRD_PARTY_VARIABLE,Pty3rd
1098,ym0870,Numeric,THIRD_PARTY_VARIABLE,Pty3rd
1099,ym0871,Numeric,THIRD_PARTY_VARIABLE,Pty3rd
1100,ym0872,Numeric,THIRD_PARTY_VARIABLE,Pty3rd
1101,ym0873,Numeric,THIRD_PARTY_VARIABLE,Pty3rd
1102,ym0876,Numeric,THIRD_PARTY_VARIABLE,Pty3rd
1103,ym0877,Numeric,THIRD_PARTY_VARIABLE,Pty3rd
1104,ym0878,Numeric,THIRD_PARTY_VARIABLE,Pty3rd
1105,ym0879,Numeric,THIRD_PARTY_VARIABLE,Pty3rd
1106,ym0880,Numeric,THIRD_PARTY_VARIABLE,Pty3rd
1107,ym0881,Numeric,THIRD_PARTY_VARIABLE,Pty3rd
1108,ym0896,Numeric,THIRD_PARTY_VARIABLE,Pty3rd
1109,ym0897,Numeric,THIRD_PARTY_VARIABLE,Pty3rd
1110,ym0898,Numeric,THIRD_PARTY_VARIABLE,Pty3rd
1111,ym0899,Numeric,THIRD_PARTY_VARIABLE,Pty3rd
1112,ym0906,Numeric,THIRD_PARTY_VARIABLE,Pty3rd
1113,ym0907,Numeric,THIRD_PARTY_VARIABLE,Pty3rd
1114,ym0910,Numeric,THIRD_PARTY_VARIABLE,Pty3rd
1115,ym0911,Numeric,THIRD_PARTY_VARIABLE,Pty3rd
1116,ym0922,Numeric,THIRD_PARTY_VARIABLE,Pty3rd
1117,ym0923,Numeric,THIRD_PARTY_VARIABLE,Pty3rd
1118,ym0940,Numeric,THIRD_PARTY_VARIABLE,Pty3rd
1119,ym0941,Numeric,THIRD_PARTY_VARIABLE,Pty3rd
1120,ym0942,Numeric,THIRD_PARTY_VARIABLE,Pty3rd
1121,ym0943,Numeric,THIRD_PARTY_VARIABLE,Pty3rd
1122,ym0944,Numeric,THIRD_PARTY_VARIABLE,Pty3rd
1123,ym0945,Numeric,THIRD_PARTY_VARIABLE,Pty3rd
1124,ym0946,Numeric,THIRD_PARTY_VARIABLE,Pty3rd
1125,ym0947,Numeric,THIRD_PARTY_VARIABLE,Pty3rd
1126,ym0950,Numeric,THIRD_PARTY_VARIABLE,Pty3rd
1127,ym0951,Numeric,THIRD_PARTY_VARIABLE,Pty3rd
1128,ym0952,Numeric,THIRD_PARTY_VARIABLE,Pty3rd
1129,ym0953,Numeric,THIRD_PARTY_VARIABLE,Pty3rd
1130,ym0954,Numeric,THIRD_PARTY_VARIABLE,Pty3rd
1131,ym0955,Numeric,THIRD_PARTY_VARIABLE,Pty3rd
1132,ym0958,Numeric,THIRD_PARTY_VARIABLE,Pty3rd
1133,ym0959,Numeric,THIRD_PARTY_VARIABLE,Pty3rd
1134,ym0960,Numeric,THIRD_PARTY_VARIABLE,Pty3rd
1135,ym0961,Numeric,THIRD_PARTY_VARIABLE,Pty3rd
1136,ym0964,Numeric,THIRD_PARTY_VARIABLE,Pty3rd
1137,ym0965,Numeric,THIRD_PARTY_VARIABLE,Pty3rd
1138,ym0970,Numeric,THIRD_PARTY_VARIABLE,Pty3rd
1139,ym0971,Numeric,THIRD_PARTY_VARIABLE,Pty3rd
1140,ym0978,Numeric,THIRD_PARTY_VARIABLE,Pty3rd
1141,ym0979,Numeric,THIRD_PARTY_VARIABLE,Pty3rd
1142,ym0990,Numeric,THIRD_PARTY_VARIABLE,Pty3rd
1143,ym0991,Numeric,THIRD_PARTY_VARIABLE,Pty3rd
1144,ym1006,Numeric,THIRD_PARTY_VARIABLE,Pty3rd
1145,ym1007,Numeric,THIRD_PARTY_VARIABLE,Pty3rd
1146,ym1016,Numeric,THIRD_PARTY_VARIABLE,Pty3rd
1147,ym1017,Numeric,THIRD_PARTY_VARIABLE,Pty3rd
1148,ym1018,Numeric,THIRD_PARTY_VARIABLE,Pty3rd
1149,ym1019,Numeric,THIRD_PARTY_VARIABLE,Pty3rd
1150,ym1024,Numeric,THIRD_PARTY_VARIABLE,Pty3rd
1151,ym1025,Numeric,THIRD_PARTY_VARIABLE,Pty3rd
1152,ym1028,Numeric,THIRD_PARTY_VARIABLE,Pty3rd
1153,ym1029,Numeric,THIRD_PARTY_VARIABLE,Pty3rd
1154,ym1030,Numeric,THIRD_PARTY_VARIABLE,Pty3rd
1155,ym1031,Numeric,THIRD_PARTY_VARIABLE,Pty3rd
1156,ym1034,Numeric,THIRD_PARTY_VARIABLE,Pty3rd
1157,ym1035,Numeric,THIRD_PARTY_VARIABLE,Pty3rd
1158,ym1046,Numeric,THIRD_PARTY_VARIABLE,Pty3rd
1159,ym1047,Numeric,THIRD_PARTY_VARIABLE,Pty3rd
1160,ym1056,Numeric,THIRD_PARTY_VARIABLE,Pty3rd
1161,ym1057,Numeric,THIRD_PARTY_VARIABLE,Pty3rd
1162,ym1060,Numeric,THIRD_PARTY_VARIABLE,Pty3rd
1163,ym1061,Numeric,THIRD_PARTY_VARIABLE,Pty3rd
1164,ym1078,Numeric,THIRD_PARTY_VARIABLE,Pty3rd
1165,ym1079,Numeric,THIRD_PARTY_VARIABLE,Pty3rd
1166,ym1098,Numeric,THIRD_PARTY_VARIABLE,Pty3rd
1167,ym1099,Numeric,THIRD_PARTY_VARIABLE,Pty3rd
1168,ym1100,Numeric,THIRD_PARTY_VARIABLE,Pty3rd
1169,ym1101,Numeric,THIRD_PARTY_VARIABLE,Pty3rd
1170,ym1104,Numeric,THIRD_PARTY_VARIABLE,Pty3rd
1171,ym1105,Numeric,THIRD_PARTY_VARIABLE,Pty3rd
1172,ym1106,Numeric,THIRD_PARTY_VARIABLE,Pty3rd
1173,ym1107,Numeric,THIRD_PARTY_VARIABLE,Pty3rd
1174,ym1114,Numeric,THIRD_PARTY_VARIABLE,Pty3rd
1175,ym1115,Numeric,THIRD_PARTY_VARIABLE,Pty3rd
1176,ym1116,Numeric,THIRD_PARTY_VARIABLE,Pty3rd
1177,ym1117,Numeric,THIRD_PARTY_VARIABLE,Pty3rd
1178,ym1118,Numeric,THIRD_PARTY_VARIABLE,Pty3rd
1179,ym1119,Numeric,THIRD_PARTY_VARIABLE,Pty3rd
1180,ym1176,Numeric,THIRD_PARTY_VARIABLE,Pty3rd
1181,ym1177,Numeric,THIRD_PARTY_VARIABLE,Pty3rd
1182,ym2001,Numeric,THIRD_PARTY_VARIABLE,Pty3rd
1183,ym2002,Numeric,THIRD_PARTY_VARIABLE,Pty3rd
1184,ym2003,Numeric,THIRD_PARTY_VARIABLE,Pty3rd
1185,ym2004,Numeric,THIRD_PARTY_VARIABLE,Pty3rd
1186,ym2005,Numeric,THIRD_PARTY_VARIABLE,Pty3rd
1187,ym2006,Numeric,THIRD_PARTY_VARIABLE,Pty3rd
1188,ym2007,Numeric,THIRD_PARTY_VARIABLE,Pty3rd
1189,ym2008,Numeric,THIRD_PARTY_VARIABLE,Pty3rd
1190,ym2009,Numeric,THIRD_PARTY_VARIABLE,Pty3rd
1191,ym2010,Numeric,THIRD_PARTY_VARIABLE,Pty3rd
1192,ym2011,Numeric,THIRD_PARTY_VARIABLE,Pty3rd
1193,ym2012,Numeric,THIRD_PARTY_VARIABLE,Pty3rd
1194,ym2013,Numeric,THIRD_PARTY_VARIABLE,Pty3rd
1195,ym2014,Numeric,THIRD_PARTY_VARIABLE,Pty3rd
1196,ym2015,Numeric,THIRD_PARTY_VARIABLE,Pty3rd
1197,ym2016,Numeric,THIRD_PARTY_VARIABLE,Pty3rd
1198,ym2017,Numeric,THIRD_PARTY_VARIABLE,Pty3rd
1199,ym2018,Numeric,THIRD_PARTY_VARIABLE,Pty3rd
1200,ym2019,Numeric,THIRD_PARTY_VARIABLE,Pty3rd
1201,ym2020,Numeric,THIRD_PARTY_VARIABLE,Pty3rd
1202,ym2021,Numeric,THIRD_PARTY_VARIABLE,Pty3rd
1203,ym2022,Numeric,THIRD_PARTY_VARIABLE,Pty3rd
1204,ym2023,Numeric,THIRD_PARTY_VARIABLE,Pty3rd
1205,ym2024,Numeric,THIRD_PARTY_VARIABLE,Pty3rd
1206,ym2025,Numeric,THIRD_PARTY_VARIABLE,Pty3rd
1207,ym2026,Numeric,THIRD_PARTY_VARIABLE,Pty3rd
1208,ym2027,Numeric,THIRD_PARTY_VARIABLE,Pty3rd
1209,ym2028,Numeric,THIRD_PARTY_VARIABLE,Pty3rd
1210,ym2029,Numeric,THIRD_PARTY_VARIABLE,Pty3rd
1211,ym2030,Numeric,THIRD_PARTY_VARIABLE,Pty3rd
1212,ym2031,Numeric,THIRD_PARTY_VARIABLE,Pty3rd
1213,ym2032,Numeric,THIRD_PARTY_VARIABLE,Pty3rd
1214,ym2033,Numeric,THIRD_PARTY_VARIABLE,Pty3rd
1215,ym2034,Numeric,THIRD_PARTY_VARIABLE,Pty3rd
1216,ym2035,Numeric,THIRD_PARTY_VARIABLE,Pty3rd
1217,ym2036,Numeric,THIRD_PARTY_VARIABLE,Pty3rd
1218,ym2037,Numeric,THIRD_PARTY_VARIABLE,Pty3rd
1219,ym2038,Numeric,THIRD_PARTY_VARIABLE,Pty3rd
1220,ym2039,Numeric,THIRD_PARTY_VARIABLE,Pty3rd
1221,ym2040,Numeric,THIRD_PARTY_VARIABLE,Pty3rd
1222,ym2041,Numeric,THIRD_PARTY_VARIABLE,Pty3rd
1223,ym2042,Numeric,THIRD_PARTY_VARIABLE,Pty3rd
1224,ym2043,Numeric,THIRD_PARTY_VARIABLE,Pty3rd
1225,ym2044,Numeric,THIRD_PARTY_VARIABLE,Pty3rd
1226,ym2045,Numeric,THIRD_PARTY_VARIABLE,Pty3rd
1227,ym2046,Numeric,THIRD_PARTY_VARIABLE,Pty3rd
1228,ym2047,Numeric,THIRD_PARTY_VARIABLE,Pty3rd
1229,ym2048,Numeric,THIRD_PARTY_VARIABLE,Pty3rd
1230,ym2049,Numeric,THIRD_PARTY_VARIABLE,Pty3rd
1231,ym2050,Numeric,THIRD_PARTY_VARIABLE,Pty3rd
1232,ym2051,Numeric,THIRD_PARTY_VARIABLE,Pty3rd
1233,ym2052,Numeric,THIRD_PARTY_VARIABLE,Pty3rd
1234,ym2053,Numeric,THIRD_PARTY_VARIABLE,Pty3rd
1235,ym2054,Numeric,THIRD_PARTY_VARIABLE,Pty3rd
1236,ym2055,Numeric,THIRD_PARTY_VARIABLE,Pty3rd
1237,ym2056,Numeric,THIRD_PARTY_VARIABLE,Pty3rd
1238,ym2057,Numeric,THIRD_PARTY_VARIABLE,Pty3rd
1239,ym2058,Numeric,THIRD_PARTY_VARIABLE,Pty3rd
1240,ym2059,Numeric,THIRD_PARTY_VARIABLE,Pty3rd
1241,ym2060,Numeric,THIRD_PARTY_VARIABLE,Pty3rd
1242,ym2061,Numeric,THIRD_PARTY_VARIABLE,Pty3rd
1243,ym2062,Numeric,THIRD_PARTY_VARIABLE,Pty3rd
1244,ym2063,Numeric,THIRD_PARTY_VARIABLE,Pty3rd
1245,ym2064,Numeric,THIRD_PARTY_VARIABLE,Pty3rd
1246,ym2065,Numeric,THIRD_PARTY_VARIABLE,Pty3rd
1247,ym2066,Numeric,THIRD_PARTY_VARIABLE,Pty3rd
1248,ym2067,Numeric,THIRD_PARTY_VARIABLE,Pty3rd
1249,ym2068,Numeric,THIRD_PARTY_VARIABLE,Pty3rd
1250,ym2069,Numeric,THIRD_PARTY_VARIABLE,Pty3rd
1251,ym2070,Numeric,THIRD_PARTY_VARIABLE,Pty3rd
1252,ym2071,Numeric,THIRD_PARTY_VARIABLE,Pty3rd
1253,ym2072,Numeric,THIRD_PARTY_VARIABLE,Pty3rd
1254,ym2073,Numeric,THIRD_PARTY_VARIABLE,Pty3rd
1255,ym2074,Numeric,THIRD_PARTY_VARIABLE,Pty3rd
1256,ym2075,Numeric,THIRD_PARTY_VARIABLE,Pty3rd
1257,ym2076,Numeric,THIRD_PARTY_VARIABLE,Pty3rd
1258,ym2077,Numeric,THIRD_PARTY_VARIABLE,Pty3rd
1259,ym2078,Numeric,THIRD_PARTY_VARIABLE,Pty3rd
1260,ym2079,Numeric,THIRD_PARTY_VARIABLE,Pty3rd
1261,ym2080,Numeric,THIRD_PARTY_VARIABLE,Pty3rd
1262,ym2081,Numeric,THIRD_PARTY_VARIABLE,Pty3rd
1263,ym2082,Numeric,THIRD_PARTY_VARIABLE,Pty3rd
1264,ym2083,Numeric,THIRD_PARTY_VARIABLE,Pty3rd
1265,ym2084,Numeric,THIRD_PARTY_VARIABLE,Pty3rd
1266,ym2085,Numeric,THIRD_PARTY_VARIABLE,Pty3rd
1267,ym2086,Numeric,THIRD_PARTY_VARIABLE,Pty3rd
1268,ym2087,Numeric,THIRD_PARTY_VARIABLE,Pty3rd
1269,ym2088,Numeric,THIRD_PARTY_VARIABLE,Pty3rd
1270,ym2089,Numeric,THIRD_PARTY_VARIABLE,Pty3rd
1271,ym2090,Numeric,THIRD_PARTY_VARIABLE,Pty3rd
1272,ym2091,Numeric,THIRD_PARTY_VARIABLE,Pty3rd
1273,ym2092,Numeric,THIRD_PARTY_VARIABLE,Pty3rd
1274,ym2093,Numeric,THIRD_PARTY_VARIABLE,Pty3rd
1275,ym2094,Numeric,THIRD_PARTY_VARIABLE,Pty3rd
1276,ym2095,Numeric,THIRD_PARTY_VARIABLE,Pty3rd
1277,ym2096,Numeric,THIRD_PARTY_VARIABLE,Pty3rd
1278,ym2097,Numeric,THIRD_PARTY_VARIABLE,Pty3rd
1279,ym2098,Numeric,THIRD_PARTY_VARIABLE,Pty3rd
1280,ym2099,Numeric,THIRD_PARTY_VARIABLE,Pty3rd
1281,ym2100,Numeric,THIRD_PARTY_VARIABLE,Pty3rd
1282,ym2101,Numeric,THIRD_PARTY_VARIABLE,Pty3rd
1283,ym2102,Numeric,THIRD_PARTY_VARIABLE,Pty3rd
1284,ym2103,Numeric,THIRD_PARTY_VARIABLE,Pty3rd
1285,ym2104,Numeric,THIRD_PARTY_VARIABLE,Pty3rd
1286,ym2105,Numeric,THIRD_PARTY_VARIABLE,Pty3rd
1287,ym2106,Numeric,THIRD_PARTY_VARIABLE,Pty3rd
1288,ym2107,Numeric,THIRD_PARTY_VARIABLE,Pty3rd
1289,ym2108,Numeric,THIRD_PARTY_VARIABLE,Pty3rd
1290,ym2109,Numeric,THIRD_PARTY_VARIABLE,Pty3rd
1291,ym2110,Numeric,THIRD_PARTY_VARIABLE,Pty3rd
1292,ym2111,Numeric,THIRD_PARTY_VARIABLE,Pty3rd
1293,ym2112,Numeric,THIRD_PARTY_VARIABLE,Pty3rd
1294,ym2115,Numeric,THIRD_PARTY_VARIABLE,Pty3rd
1295,ym2116,Numeric,THIRD_PARTY_VARIABLE,Pty3rd
1296,ym2117,Numeric,THIRD_PARTY_VARIABLE,Pty3rd
1297,ym2118,Numeric,THIRD_PARTY_VARIABLE,Pty3rd
1298,ym2119,Numeric,THIRD_PARTY_VARIABLE,Pty3rd
1299,ym2120,Numeric,THIRD_PARTY_VARIABLE,Pty3rd
1300,ym2121,Numeric,THIRD_PARTY_VARIABLE,Pty3rd
1301,ym2122,Numeric,THIRD_PARTY_VARIABLE,Pty3rd
1302,ym2123,Numeric,THIRD_PARTY_VARIABLE,Pty3rd
1303,ym2124,Numeric,THIRD_PARTY_VARIABLE,Pty3rd
1304,ym2125,Numeric,THIRD_PARTY_VARIABLE,Pty3rd
1305,ym2126,Numeric,THIRD_PARTY_VARIABLE,Pty3rd
1306,ym2127,Numeric,THIRD_PARTY_VARIABLE,Pty3rd
1307,ym2128,Numeric,THIRD_PARTY_VARIABLE,Pty3rd
1308,ym2129,Numeric,THIRD_PARTY_VARIABLE,Pty3rd
1309,ym2130,Numeric,THIRD_PARTY_VARIABLE,Pty3rd
1310,ym2131,Numeric,THIRD_PARTY_VARIABLE,Pty3rd
1311,ym2132,Numeric,THIRD_PARTY_VARIABLE,Pty3rd
1312,ym2135,Numeric,THIRD_PARTY_VARIABLE,Pty3rd
1313,ym2136,Numeric,THIRD_PARTY_VARIABLE,Pty3rd
1314,ym2137,Numeric,THIRD_PARTY_VARIABLE,Pty3rd
1315,ym2138,Numeric,THIRD_PARTY_VARIABLE,Pty3rd
1316,ym2139,Numeric,THIRD_PARTY_VARIABLE,Pty3rd
1317,ym2140,Numeric,THIRD_PARTY_VARIABLE,Pty3rd
1318,ym2141,Numeric,THIRD_PARTY_VARIABLE,Pty3rd
1319,ym2142,Numeric,THIRD_PARTY_VARIABLE,Pty3rd
1320,ym2143,Numeric,THIRD_PARTY_VARIABLE,Pty3rd
1321,ym2144,Numeric,THIRD_PARTY_VARIABLE,Pty3rd
1322,ym2145,Numeric,THIRD_PARTY_VARIABLE,Pty3rd
1323,ym2146,Numeric,THIRD_PARTY_VARIABLE,Pty3rd
1324,ym2147,Numeric,THIRD_PARTY_VARIABLE,Pty3rd
1325,ym2148,Numeric,THIRD_PARTY_VARIABLE,Pty3rd
1326,ym2149,Numeric,THIRD_PARTY_VARIABLE,Pty3rd
1327,ym2150,Numeric,THIRD_PARTY_VARIABLE,Pty3rd
1328,ym2151,Numeric,THIRD_PARTY_VARIABLE,Pty3rd
1329,ym2152,Numeric,THIRD_PARTY_VARIABLE,Pty3rd
1330,ym2153,Numeric,THIRD_PARTY_VARIABLE,Pty3rd
1331,ym2154,Numeric,THIRD_PARTY_VARIABLE,Pty3rd
1332,ym2155,Numeric,THIRD_PARTY_VARIABLE,Pty3rd
1333,ym2156,Numeric,THIRD_PARTY_VARIABLE,Pty3rd
1334,ym2157,Numeric,THIRD_PARTY_VARIABLE,Pty3rd
1335,ym2158,Numeric,THIRD_PARTY_VARIABLE,Pty3rd
1336,ym2159,Numeric,THIRD_PARTY_VARIABLE,Pty3rd
1337,ym2160,Numeric,THIRD_PARTY_VARIABLE,Pty3rd
1338,ym2161,Numeric,THIRD_PARTY_VARIABLE,Pty3rd
1339,ym2162,Numeric,THIRD_PARTY_VARIABLE,Pty3rd
1340,ym2163,Numeric,THIRD_PARTY_VARIABLE,Pty3rd
1341,ym2164,Numeric,THIRD_PARTY_VARIABLE,Pty3rd
1342,ym2165,Numeric,THIRD_PARTY_VARIABLE,Pty3rd
1343,ym2166,Numeric,THIRD_PARTY_VARIABLE,Pty3rd
1344,ym2167,Numeric,THIRD_PARTY_VARIABLE,Pty3rd
1345,ym2168,Numeric,THIRD_PARTY_VARIABLE,Pty3rd
1346,ym2169,Numeric,THIRD_PARTY_VARIABLE,Pty3rd
1347,ym2170,Numeric,THIRD_PARTY_VARIABLE,Pty3rd
1348,ym2171,Numeric,THIRD_PARTY_VARIABLE,Pty3rd
1349,ym2172,Numeric,THIRD_PARTY_VARIABLE,Pty3rd
1350,ym2173,Numeric,THIRD_PARTY_VARIABLE,Pty3rd
1351,ym2174,Numeric,THIRD_PARTY_VARIABLE,Pty3rd
1352,ym2177,Numeric,THIRD_PARTY_VARIABLE,Pty3rd
1353,ym2178,Numeric,THIRD_PARTY_VARIABLE,Pty3rd
1354,ym2179,Numeric,THIRD_PARTY_VARIABLE,Pty3rd
1355,ym2180,Numeric,THIRD_PARTY_VARIABLE,Pty3rd
1356,ym2181,Numeric,THIRD_PARTY_VARIABLE,Pty3rd
1357,ym2182,Numeric,THIRD_PARTY_VARIABLE,Pty3rd
1358,ym2183,Numeric,THIRD_PARTY_VARIABLE,Pty3rd
1359,ym2184,Numeric,THIRD_PARTY_VARIABLE,Pty3rd
1360,ym2185,Numeric,THIRD_PARTY_VARIABLE,Pty3rd
1361,ym2186,Numeric,THIRD_PARTY_VARIABLE,Pty3rd
1362,ym2187,Numeric,THIRD_PARTY_VARIABLE,Pty3rd
1363,ym2188,Numeric,THIRD_PARTY_VARIABLE,Pty3rd
1364,ym2189,Numeric,THIRD_PARTY_VARIABLE,Pty3rd
1365,ym2190,Numeric,THIRD_PARTY_VARIABLE,Pty3rd
1366,ym2191,Numeric,THIRD_PARTY_VARIABLE,Pty3rd
1367,ym2192,Numeric,THIRD_PARTY_VARIABLE,Pty3rd
1368,ym2195,Numeric,THIRD_PARTY_VARIABLE,Pty3rd
1369,ym2196,Numeric,THIRD_PARTY_VARIABLE,Pty3rd
1370,ym2197,Numeric,THIRD_PARTY_VARIABLE,Pty3rd
1371,ym2198,Numeric,THIRD_PARTY_VARIABLE,Pty3rd
1372,ym2199,Numeric,THIRD_PARTY_VARIABLE,Pty3rd
1373,ym2200,Numeric,THIRD_PARTY_VARIABLE,Pty3rd
1374,ym2201,Numeric,THIRD_PARTY_VARIABLE,Pty3rd
1375,ym2202,Numeric,THIRD_PARTY_VARIABLE,Pty3rd
1376,ym2203,Numeric,THIRD_PARTY_VARIABLE,Pty3rd
1377,ym2204,Numeric,THIRD_PARTY_VARIABLE,Pty3rd
1378,ym2205,Numeric,THIRD_PARTY_VARIABLE,Pty3rd
1379,ym2206,Numeric,THIRD_PARTY_VARIABLE,Pty3rd
1380,ym2207,Numeric,THIRD_PARTY_VARIABLE,Pty3rd
1381,ym2208,Numeric,THIRD_PARTY_VARIABLE,Pty3rd
1382,ym2209,Numeric,THIRD_PARTY_VARIABLE,Pty3rd
1383,ym2210,Numeric,THIRD_PARTY_VARIABLE,Pty3rd
1384,ym2211,Numeric,THIRD_PARTY_VARIABLE,Pty3rd
1385,ym2212,Numeric,THIRD_PARTY_VARIABLE,Pty3rd
1386,ym2213,Numeric,THIRD_PARTY_VARIABLE,Pty3rd
1387,ym2214,Numeric,THIRD_PARTY_VARIABLE,Pty3rd
1388,ym2215,Numeric,THIRD_PARTY_VARIABLE,Pty3rd
1389,ym2216,Numeric,THIRD_PARTY_VARIABLE,Pty3rd
1390,ym2217,Numeric,THIRD_PARTY_VARIABLE,Pty3rd
1391,ym2218,Numeric,THIRD_PARTY_VARIABLE,Pty3rd
1392,ym2219,Numeric,THIRD_PARTY_VARIABLE,Pty3rd
1393,ym2220,Numeric,THIRD_PARTY_VARIABLE,Pty3rd
1394,ym2221,Numeric,THIRD_PARTY_VARIABLE,Pty3rd
1395,ym2222,Numeric,THIRD_PARTY_VARIABLE,Pty3rd
1396,ym2223,Numeric,THIRD_PARTY_VARIABLE,Pty3rd
1397,ym2224,Numeric,THIRD_PARTY_VARIABLE,Pty3rd
1398,ym2225,Numeric,THIRD_PARTY_VARIABLE,Pty3rd
1399,ym2226,Numeric,THIRD_PARTY_VARIABLE,Pty3rd
1400,ym2227,Numeric,THIRD_PARTY_VARIABLE,Pty3rd
1401,ym2228,Numeric,THIRD_PARTY_VARIABLE,Pty3rd
1402,ym2229,Numeric,THIRD_PARTY_VARIABLE,Pty3rd
1403,ym2230,Numeric,THIRD_PARTY_VARIABLE,Pty3rd
1404,ym2231,Numeric,THIRD_PARTY_VARIABLE,Pty3rd
1405,ym2232,Numeric,THIRD_PARTY_VARIABLE,Pty3rd
1406,ym2233,Numeric,THIRD_PARTY_VARIABLE,Pty3rd
1407,ym2234,Numeric,THIRD_PARTY_VARIABLE,Pty3rd
1408,ym2235,Numeric,THIRD_PARTY_VARIABLE,Pty3rd
1409,ym2236,Numeric,THIRD_PARTY_VARIABLE,Pty3rd
1410,ym2237,Numeric,THIRD_PARTY_VARIABLE,Pty3rd
1411,ym2238,Numeric,THIRD_PARTY_VARIABLE,Pty3rd
1412,ym2239,Numeric,THIRD_PARTY_VARIABLE,Pty3rd
1413,ym2240,Numeric,THIRD_PARTY_VARIABLE,Pty3rd
1414,ym2241,Numeric,THIRD_PARTY_VARIABLE,Pty3rd
1415,ym2242,Numeric,THIRD_PARTY_VARIABLE,Pty3rd
1416,ym2243,Numeric,THIRD_PARTY_VARIABLE,Pty3rd
1417,ym2244,Numeric,THIRD_PARTY_VARIABLE,Pty3rd
1418,ym2245,Numeric,THIRD_PARTY_VARIABLE,Pty3rd
1419,ym2246,Numeric,THIRD_PARTY_VARIABLE,Pty3rd
1420,ym2249,Numeric,THIRD_PARTY_VARIABLE,Pty3rd
1421,ym2250,Numeric,THIRD_PARTY_VARIABLE,Pty3rd
1422,ym2251,Numeric,THIRD_PARTY_VARIABLE,Pty3rd
1423,ym2252,Numeric,THIRD_PARTY_VARIABLE,Pty3rd
1424,ym2253,Numeric,THIRD_PARTY_VARIABLE,Pty3rd
1425,ym2254,Numeric,THIRD_PARTY_VARIABLE,Pty3rd
1426,ym2255,Numeric,THIRD_PARTY_VARIABLE,Pty3rd
1427,ym2256,Numeric,THIRD_PARTY_VARIABLE,Pty3rd
1428,ym2257,Numeric,THIRD_PARTY_VARIABLE,Pty3rd
1429,ym2258,Numeric,THIRD_PARTY_VARIABLE,Pty3rd
1430,ym2259,Numeric,THIRD_PARTY_VARIABLE,Pty3rd
1431,ym2260,Numeric,THIRD_PARTY_VARIABLE,Pty3rd
1432,ym2261,Numeric,THIRD_PARTY_VARIABLE,Pty3rd
1433,ym2262,Numeric,THIRD_PARTY_VARIABLE,Pty3rd
1434,ym2263,Numeric,THIRD_PARTY_VARIABLE,Pty3rd
1435,ym2264,Numeric,THIRD_PARTY_VARIABLE,Pty3rd
1436,ym2265,Numeric,THIRD_PARTY_VARIABLE,Pty3rd
1437,ym2266,Numeric,THIRD_PARTY_VARIABLE,Pty3rd
1438,ym2267,Numeric,THIRD_PARTY_VARIABLE,Pty3rd
1439,ym2268,Numeric,THIRD_PARTY_VARIABLE,Pty3rd
1440,ym2269,Numeric,THIRD_PARTY_VARIABLE,Pty3rd
1441,ym2270,Numeric,THIRD_PARTY_VARIABLE,Pty3rd
1442,ym2271,Numeric,THIRD_PARTY_VARIABLE,Pty3rd
1443,ym2272,Numeric,THIRD_PARTY_VARIABLE,Pty3rd
1444,ym2273,Numeric,THIRD_PARTY_VARIABLE,Pty3rd
1445,ym2274,Numeric,THIRD_PARTY_VARIABLE,Pty3rd
1446,ym2275,Numeric,THIRD_PARTY_VARIABLE,Pty3rd
1447,ym2276,Numeric,THIRD_PARTY_VARIABLE,Pty3rd
1448,ym2277,Numeric,THIRD_PARTY_VARIABLE,Pty3rd
1449,ym2278,Numeric,THIRD_PARTY_VARIABLE,Pty3rd
1450,ym2279,Numeric,THIRD_PARTY_VARIABLE,Pty3rd
1451,ym2280,Numeric,THIRD_PARTY_VARIABLE,Pty3rd
1452,ym2281,Numeric,THIRD_PARTY_VARIABLE,Pty3rd
1453,ym2282,Numeric,THIRD_PARTY_VARIABLE,Pty3rd
1454,ym2283,Numeric,THIRD_PARTY_VARIABLE,Pty3rd
1455,ym2284,Numeric,THIRD_PARTY_VARIABLE,Pty3rd
1456,ym2285,Numeric,THIRD_PARTY_VARIABLE,Pty3rd
1457,ym2286,Numeric,THIRD_PARTY_VARIABLE,Pty3rd
1458,ym2287,Numeric,THIRD_PARTY_VARIABLE,Pty3rd
1459,ym2288,Numeric,THIRD_PARTY_VARIABLE,Pty3rd
1460,ym2289,Numeric,THIRD_PARTY_VARIABLE,Pty3rd
1461,ym2290,Numeric,THIRD_PARTY_VARIABLE,Pty3rd
1462,ym2291,Numeric,THIRD_PARTY_VARIABLE,Pty3rd
1463,ym2292,Numeric,THIRD_PARTY_VARIABLE,Pty3rd
1464,ym2293,Numeric,THIRD_PARTY_VARIABLE,Pty3rd
1465,ym2294,Numeric,THIRD_PARTY_VARIABLE,Pty3rd
1466,ym2295,Numeric,THIRD_PARTY_VARIABLE,Pty3rd
1467,ym2296,Numeric,THIRD_PARTY_VARIABLE,Pty3rd
1468,ym2297,Numeric,THIRD_PARTY_VARIABLE,Pty3rd
1469,ym2298,Numeric,THIRD_PARTY_VARIABLE,Pty3rd
1470,ym2299,Numeric,THIRD_PARTY_VARIABLE,Pty3rd
1471,ym2300,Numeric,THIRD_PARTY_VARIABLE,Pty3rd
1472,ym2301,Numeric,THIRD_PARTY_VARIABLE,Pty3rd
1473,ym2302,Numeric,THIRD_PARTY_VARIABLE,Pty3rd
1474,ym2303,Numeric,THIRD_PARTY_VARIABLE,Pty3rd
1475,ym2304,Numeric,THIRD_PARTY_VARIABLE,Pty3rd
1476,ym2305,Numeric,THIRD_PARTY_VARIABLE,Pty3rd
1477,ym2306,Numeric,THIRD_PARTY_VARIABLE,Pty3rd
1478,ym2307,Numeric,THIRD_PARTY_VARIABLE,Pty3rd
1479,ym2308,Numeric,THIRD_PARTY_VARIABLE,Pty3rd
1480,ym2309,Numeric,THIRD_PARTY_VARIABLE,Pty3rd
1481,ym2310,Numeric,THIRD_PARTY_VARIABLE,Pty3rd
1482,ym2311,Numeric,THIRD_PARTY_VARIABLE,Pty3rd
1483,ym2312,Numeric,THIRD_PARTY_VARIABLE,Pty3rd
1484,ym2313,Numeric,THIRD_PARTY_VARIABLE,Pty3rd
1485,ym2314,Numeric,THIRD_PARTY_VARIABLE,Pty3rd
1486,ym2315,Numeric,THIRD_PARTY_VARIABLE,Pty3rd
1487,ym2316,Numeric,THIRD_PARTY_VARIABLE,Pty3rd
1488,ym2317,Numeric,THIRD_PARTY_VARIABLE,Pty3rd
1489,ym2318,Numeric,THIRD_PARTY_VARIABLE,Pty3rd
1490,ym2319,Numeric,THIRD_PARTY_VARIABLE,Pty3rd
1491,ym2320,Numeric,THIRD_PARTY_VARIABLE,Pty3rd
1492,ym2321,Numeric,THIRD_PARTY_VARIABLE,Pty3rd
1493,ym2322,Numeric,THIRD_PARTY_VARIABLE,Pty3rd
1494,ym2323,Numeric,THIRD_PARTY_VARIABLE,Pty3rd
1495,ym2324,Numeric,THIRD_PARTY_VARIABLE,Pty3rd
1496,ym2325,Numeric,THIRD_PARTY_VARIABLE,Pty3rd
1497,ym2326,Numeric,THIRD_PARTY_VARIABLE,Pty3rd
1498,ym2327,Numeric,THIRD_PARTY_VARIABLE,Pty3rd
1499,ym2328,Numeric,THIRD_PARTY_VARIABLE,Pty3rd
1500,ym2329,Numeric,THIRD_PARTY_VARIABLE,Pty3rd
1501,ym2330,Numeric,THIRD_PARTY_VARIABLE,Pty3rd
1502,ym2331,Numeric,THIRD_PARTY_VARIABLE,Pty3rd
1503,ym2332,Numeric,THIRD_PARTY_VARIABLE,Pty3rd
1504,ym2333,Numeric,THIRD_PARTY_VARIABLE,Pty3rd
1505,ym2334,Numeric,THIRD_PARTY_VARIABLE,Pty3rd
1506,ym2335,Numeric,THIRD_PARTY_VARIABLE,Pty3rd
1507,ym2336,Numeric,THIRD_PARTY_VARIABLE,Pty3rd
1508,ym2337,Numeric,THIRD_PARTY_VARIABLE,Pty3rd
1509,ym2338,Numeric,THIRD_PARTY_VARIABLE,Pty3rd
1510,ym2339,Numeric,THIRD_PARTY_VARIABLE,Pty3rd
1511,ym2340,Numeric,THIRD_PARTY_VARIABLE,Pty3rd
1512,ym2341,Numeric,THIRD_PARTY_VARIABLE,Pty3rd
1513,ym2342,Numeric,THIRD_PARTY_VARIABLE,Pty3rd
1514,ym2343,Numeric,THIRD_PARTY_VARIABLE,Pty3rd
1515,ym2344,Numeric,THIRD_PARTY_VARIABLE,Pty3rd
1516,ym2345,Numeric,THIRD_PARTY_VARIABLE,Pty3rd
1517,ym2350,Numeric,THIRD_PARTY_VARIABLE,Pty3rd
1518,ym2351,Numeric,THIRD_PARTY_VARIABLE,Pty3rd
1519,ym2352,Numeric,THIRD_PARTY_VARIABLE,Pty3rd
1520,ym2353,Numeric,THIRD_PARTY_VARIABLE,Pty3rd
1521,ym2354,Numeric,THIRD_PARTY_VARIABLE,Pty3rd
1522,ym2355,Numeric,THIRD_PARTY_VARIABLE,Pty3rd
1523,ym2356,Numeric,THIRD_PARTY_VARIABLE,Pty3rd
1524,ym2357,Numeric,THIRD_PARTY_VARIABLE,Pty3rd
1525,ym2358,Numeric,THIRD_PARTY_VARIABLE,Pty3rd
1526,ym2359,Numeric,THIRD_PARTY_VARIABLE,Pty3rd
1527,ym2360,Numeric,THIRD_PARTY_VARIABLE,Pty3rd
1528,ym2361,Numeric,THIRD_PARTY_VARIABLE,Pty3rd
1529,ym2362,Numeric,THIRD_PARTY_VARIABLE,Pty3rd
1530,ym2363,Numeric,THIRD_PARTY_VARIABLE,Pty3rd
1531,ym2364,Numeric,THIRD_PARTY_VARIABLE,Pty3rd
1532,ym2365,Numeric,THIRD_PARTY_VARIABLE,Pty3rd
1533,ym2366,Numeric,THIRD_PARTY_VARIABLE,Pty3rd
1534,ym2367,Numeric,THIRD_PARTY_VARIABLE,Pty3rd
1535,ym2368,Numeric,THIRD_PARTY_VARIABLE,Pty3rd
1536,ym2369,Numeric,THIRD_PARTY_VARIABLE,Pty3rd
1537,ym2370,Numeric,THIRD_PARTY_VARIABLE,Pty3rd
1538,ym2371,Numeric,THIRD_PARTY_VARIABLE,Pty3rd
1539,ym2372,Numeric,THIRD_PARTY_VARIABLE,Pty3rd
1540,ym2373,Numeric,THIRD_PARTY_VARIABLE,Pty3rd
1541,ym2374,Numeric,THIRD_PARTY_VARIABLE,Pty3rd
1542,ym2375,Numeric,THIRD_PARTY_VARIABLE,Pty3rd
1543,ym2376,Numeric,THIRD_PARTY_VARIABLE,Pty3rd
1544,ym2377,Numeric,THIRD_PARTY_VARIABLE,Pty3rd
1545,ym2378,Numeric,THIRD_PARTY_VARIABLE,Pty3rd
1546,ym2379,Numeric,THIRD_PARTY_VARIABLE,Pty3rd
1547,ym2380,Numeric,THIRD_PARTY_VARIABLE,Pty3rd
1548,ym2381,Numeric,THIRD_PARTY_VARIABLE,Pty3rd
1549,ym2382,Numeric,THIRD_PARTY_VARIABLE,Pty3rd
1550,ym2383,Numeric,THIRD_PARTY_VARIABLE,Pty3rd
1551,ym2384,Numeric,THIRD_PARTY_VARIABLE,Pty3rd
1552,ym2385,Numeric,THIRD_PARTY_VARIABLE,Pty3rd
1553,ym2386,Numeric,THIRD_PARTY_VARIABLE,Pty3rd
1554,ym2387,Numeric,THIRD_PARTY_VARIABLE,Pty3rd
1555,ym2388,Numeric,THIRD_PARTY_VARIABLE,Pty3rd
1556,ym2389,Numeric,THIRD_PARTY_VARIABLE,Pty3rd
1557,ym2390,Numeric,THIRD_PARTY_VARIABLE,Pty3rd
1558,ym2391,Numeric,THIRD_PARTY_VARIABLE,Pty3rd
1559,ym2394,Numeric,THIRD_PARTY_VARIABLE,Pty3rd
1560,ym2395,Numeric,THIRD_PARTY_VARIABLE,Pty3rd
1561,ym2396,Numeric,THIRD_PARTY_VARIABLE,Pty3rd
1562,ym2397,Numeric,THIRD_PARTY_VARIABLE,Pty3rd
1563,ym2398,Numeric,THIRD_PARTY_VARIABLE,Pty3rd
1564,ym2399,Numeric,THIRD_PARTY_VARIABLE,Pty3rd
1565,ym2400,Numeric,THIRD_PARTY_VARIABLE,Pty3rd
1566,ym2401,Numeric,THIRD_PARTY_VARIABLE,Pty3rd
1567,ym2402,Numeric,THIRD_PARTY_VARIABLE,Pty3rd
1568,ym2403,Numeric,THIRD_PARTY_VARIABLE,Pty3rd
1569,ym2404,Numeric,THIRD_PARTY_VARIABLE,Pty3rd
1570,ym2405,Numeric,THIRD_PARTY_VARIABLE,Pty3rd
1571,ym2408,Numeric,THIRD_PARTY_VARIABLE,Pty3rd
1572,ym2409,Numeric,THIRD_PARTY_VARIABLE,Pty3rd
1573,ym2410,Numeric,THIRD_PARTY_VARIABLE,Pty3rd
1574,ym2411,Numeric,THIRD_PARTY_VARIABLE,Pty3rd
1575,ym2412,Numeric,THIRD_PARTY_VARIABLE,Pty3rd
1576,ym2413,Numeric,THIRD_PARTY_VARIABLE,Pty3rd
1577,ym2414,Numeric,THIRD_PARTY_VARIABLE,Pty3rd
1578,ym2415,Numeric,THIRD_PARTY_VARIABLE,Pty3rd
1579,ym2416,Numeric,THIRD_PARTY_VARIABLE,Pty3rd
1580,ym2417,Numeric,THIRD_PARTY_VARIABLE,Pty3rd
1581,ym2418,Numeric,THIRD_PARTY_VARIABLE,Pty3rd
1582,ym2419,Numeric,THIRD_PARTY_VARIABLE,Pty3rd
1583,ym2422,Numeric,THIRD_PARTY_VARIABLE,Pty3rd
1584,ym2423,Numeric,THIRD_PARTY_VARIABLE,Pty3rd
1585,ym2424,Numeric,THIRD_PARTY_VARIABLE,Pty3rd
1586,ym2425,Numeric,THIRD_PARTY_VARIABLE,Pty3rd
1587,ym2426,Numeric,THIRD_PARTY_VARIABLE,Pty3rd
1588,ym2427,Numeric,THIRD_PARTY_VARIABLE,Pty3rd
1589,ym2428,Numeric,THIRD_PARTY_VARIABLE,Pty3rd
1590,ym2429,Numeric,THIRD_PARTY_VARIABLE,Pty3rd
1591,ym2430,Numeric,THIRD_PARTY_VARIABLE,Pty3rd
1592,ym2431,Numeric,THIRD_PARTY_VARIABLE,Pty3rd
1593,ym2432,Numeric,THIRD_PARTY_VARIABLE,Pty3rd
1594,ym2433,Numeric,THIRD_PARTY_VARIABLE,Pty3rd
1595,ym2434,Numeric,THIRD_PARTY_VARIABLE,Pty3rd
1596,ym2435,Numeric,THIRD_PARTY_VARIABLE,Pty3rd
1597,ym2436,Numeric,THIRD_PARTY_VARIABLE,Pty3rd
1598,ym2437,Numeric,THIRD_PARTY_VARIABLE,Pty3rd
1599,ym2438,Numeric,THIRD_PARTY_VARIABLE,Pty3rd
1600,ym2439,Numeric,THIRD_PARTY_VARIABLE,Pty3rd
1601,ym2440,Numeric,THIRD_PARTY_VARIABLE,Pty3rd
1602,ym2441,Numeric,THIRD_PARTY_VARIABLE,Pty3rd
1603,ym2444,Numeric,THIRD_PARTY_VARIABLE,Pty3rd
1604,ym2445,Numeric,THIRD_PARTY_VARIABLE,Pty3rd
1605,ym2446,Numeric,THIRD_PARTY_VARIABLE,Pty3rd
1606,ym2447,Numeric,THIRD_PARTY_VARIABLE,Pty3rd
1607,ym2448,Numeric,THIRD_PARTY_VARIABLE,Pty3rd
1608,ym2449,Numeric,THIRD_PARTY_VARIABLE,Pty3rd
1609,ym2450,Numeric,THIRD_PARTY_VARIABLE,Pty3rd
1610,ym2451,Numeric,THIRD_PARTY_VARIABLE,Pty3rd
1611,ym2452,Numeric,THIRD_PARTY_VARIABLE,Pty3rd
1612,ym2453,Numeric,THIRD_PARTY_VARIABLE,Pty3rd
1613,ym2454,Numeric,THIRD_PARTY_VARIABLE,Pty3rd
1614,ym2455,Numeric,THIRD_PARTY_VARIABLE,Pty3rd
1615,ym2456,Numeric,THIRD_PARTY_VARIABLE,Pty3rd
1616,ym2457,Numeric,THIRD_PARTY_VARIABLE,Pty3rd
1617,ym2460,Numeric,THIRD_PARTY_VARIABLE,Pty3rd
1618,ym2461,Numeric,THIRD_PARTY_VARIABLE,Pty3rd
1619,ym2462,Numeric,THIRD_PARTY_VARIABLE,Pty3rd
1620,ym2463,Numeric,THIRD_PARTY_VARIABLE,Pty3rd
1621,ym2464,Numeric,THIRD_PARTY_VARIABLE,Pty3rd
1622,ym2465,Numeric,THIRD_PARTY_VARIABLE,Pty3rd
1623,ym2466,Numeric,THIRD_PARTY_VARIABLE,Pty3rd
1624,ym2467,Numeric,THIRD_PARTY_VARIABLE,Pty3rd
1625,ym2468,Numeric,THIRD_PARTY_VARIABLE,Pty3rd
1626,ym2469,Numeric,THIRD_PARTY_VARIABLE,Pty3rd
1627,ym2470,Numeric,THIRD_PARTY_VARIABLE,Pty3rd
1628,ym2471,Numeric,THIRD_PARTY_VARIABLE,Pty3rd
1629,ym2472,Numeric,THIRD_PARTY_VARIABLE,Pty3rd
1630,ym2473,Numeric,THIRD_PARTY_VARIABLE,Pty3rd
1631,ym2474,Numeric,THIRD_PARTY_VARIABLE,Pty3rd
1632,ym2475,Numeric,THIRD_PARTY_VARIABLE,Pty3rd
1633,ym2476,Numeric,THIRD_PARTY_VARIABLE,Pty3rd
1634,ym2477,Numeric,THIRD_PARTY_VARIABLE,Pty3rd
1635,ym2478,Numeric,THIRD_PARTY_VARIABLE,Pty3rd
1636,ym2479,Numeric,THIRD_PARTY_VARIABLE,Pty3rd
1637,ym2480,Numeric,THIRD_PARTY_VARIABLE,Pty3rd
1638,ym2481,Numeric,THIRD_PARTY_VARIABLE,Pty3rd
1639,ym2482,Numeric,THIRD_PARTY_VARIABLE,Pty3rd
1640,ym2483,Numeric,THIRD_PARTY_VARIABLE,Pty3rd
1641,ym2484,Numeric,THIRD_PARTY_VARIABLE,Pty3rd
1642,ym2485,Numeric,THIRD_PARTY_VARIABLE,Pty3rd
1643,ym2488,Numeric,THIRD_PARTY_VARIABLE,Pty3rd
1644,ym2489,Numeric,THIRD_PARTY_VARIABLE,Pty3rd
1645,ym2490,Numeric,THIRD_PARTY_VARIABLE,Pty3rd
1646,ym2491,Numeric,THIRD_PARTY_VARIABLE,Pty3rd
1647,ym2492,Numeric,THIRD_PARTY_VARIABLE,Pty3rd
1648,ym2493,Numeric,THIRD_PARTY_VARIABLE,Pty3rd
1649,ym2494,Numeric,THIRD_PARTY_VARIABLE,Pty3rd
1650,ym2495,Numeric,THIRD_PARTY_VARIABLE,Pty3rd
1651,ym2496,Numeric,THIRD_PARTY_VARIABLE,Pty3rd
1652,ym2497,Numeric,THIRD_PARTY_VARIABLE,Pty3rd
1653,ym2498,Numeric,THIRD_PARTY_VARIABLE,Pty3rd
1654,ym2499,Numeric,THIRD_PARTY_VARIABLE,Pty3rd
1655,ym2502,Numeric,THIRD_PARTY_VARIABLE,Pty3rd
1656,ym2503,Numeric,THIRD_PARTY_VARIABLE,Pty3rd
1657,ym2504,Numeric,THIRD_PARTY_VARIABLE,Pty3rd
1658,ym2505,Numeric,THIRD_PARTY_VARIABLE,Pty3rd
1659,ym2506,Numeric,THIRD_PARTY_VARIABLE,Pty3rd
1660,ym2507,Numeric,THIRD_PARTY_VARIABLE,Pty3rd
1661,ym2508,Numeric,THIRD_PARTY_VARIABLE,Pty3rd
1662,ym2509,Numeric,THIRD_PARTY_VARIABLE,Pty3rd
1663,ym2510,Numeric,THIRD_PARTY_VARIABLE,Pty3rd
1664,ym2511,Numeric,THIRD_PARTY_VARIABLE,Pty3rd
1665,ym2514,Numeric,THIRD_PARTY_VARIABLE,Pty3rd
1666,ym2515,Numeric,THIRD_PARTY_VARIABLE,Pty3rd
1667,ym2516,Numeric,THIRD_PARTY_VARIABLE,Pty3rd
1668,ym2517,Numeric,THIRD_PARTY_VARIABLE,Pty3rd
1669,ym2518,Numeric,THIRD_PARTY_VARIABLE,Pty3rd
1670,ym2519,Numeric,THIRD_PARTY_VARIABLE,Pty3rd
1671,ym2522,Numeric,THIRD_PARTY_VARIABLE,Pty3rd
1672,ym2523,Numeric,THIRD_PARTY_VARIABLE,Pty3rd
1673,ym2524,Numeric,THIRD_PARTY_VARIABLE,Pty3rd
1674,ym2525,Numeric,THIRD_PARTY_VARIABLE,Pty3rd
1675,ym2526,Numeric,THIRD_PARTY_VARIABLE,Pty3rd
1676,ym2527,Numeric,THIRD_PARTY_VARIABLE,Pty3rd
1677,ym2530,Numeric,THIRD_PARTY_VARIABLE,Pty3rd
1678,ym2531,Numeric,THIRD_PARTY_VARIABLE,Pty3rd
1679,ym2536,Numeric,THIRD_PARTY_VARIABLE,Pty3rd
1680,ym2537,Numeric,THIRD_PARTY_VARIABLE,Pty3rd
1681,ym2542,Numeric,THIRD_PARTY_VARIABLE,Pty3rd
1682,ym2543,Numeric,THIRD_PARTY_VARIABLE,Pty3rd
1683,ym2546,Numeric,THIRD_PARTY_VARIABLE,Pty3rd
1684,ym2547,Numeric,THIRD_PARTY_VARIABLE,Pty3rd
1685,ym2548,Numeric,THIRD_PARTY_VARIABLE,Pty3rd
1686,ym2549,Numeric,THIRD_PARTY_VARIABLE,Pty3rd
1687,ym2552,Numeric,THIRD_PARTY_VARIABLE,Pty3rd
1688,ym2553,Numeric,THIRD_PARTY_VARIABLE,Pty3rd
1689,ym2556,Numeric,THIRD_PARTY_VARIABLE,Pty3rd
1690,ym2557,Numeric,THIRD_PARTY_VARIABLE,Pty3rd
1691,ym2560,Numeric,THIRD_PARTY_VARIABLE,Pty3rd
1692,ym2561,Numeric,THIRD_PARTY_VARIABLE,Pty3rd
1693,ym2566,Numeric,THIRD_PARTY_VARIABLE,Pty3rd
1694,ym2567,Numeric,THIRD_PARTY_VARIABLE,Pty3rd
1695,ym2568,Numeric,THIRD_PARTY_VARIABLE,Pty3rd
1696,ym2569,Numeric,THIRD_PARTY_VARIABLE,Pty3rd
1697,ym2570,Numeric,THIRD_PARTY_VARIABLE,Pty3rd
1698,ym2571,Numeric,THIRD_PARTY_VARIABLE,Pty3rd
1699,ym2580,Numeric,THIRD_PARTY_VARIABLE,Pty3rd
1700,ym2581,Numeric,THIRD_PARTY_VARIABLE,Pty3rd
1701,ym2584,Numeric,THIRD_PARTY_VARIABLE,Pty3rd
1702,ym2585,Numeric,THIRD_PARTY_VARIABLE,Pty3rd
1703,ym2586,Numeric,THIRD_PARTY_VARIABLE,Pty3rd
1704,ym2587,Numeric,THIRD_PARTY_VARIABLE,Pty3rd
1705,ym2588,Numeric,THIRD_PARTY_VARIABLE,Pty3rd
1706,ym2589,Numeric,THIRD_PARTY_VARIABLE,Pty3rd
1707,ym2592,Numeric,THIRD_PARTY_VARIABLE,Pty3rd
1708,ym2593,Numeric,THIRD_PARTY_VARIABLE,Pty3rd
1709,ym2596,Numeric,THIRD_PARTY_VARIABLE,Pty3rd
1710,ym2597,Numeric,THIRD_PARTY_VARIABLE,Pty3rd
1711,ym2602,Numeric,THIRD_PARTY_VARIABLE,Pty3rd
1712,ym2603,Numeric,THIRD_PARTY_VARIABLE,Pty3rd
1713,ym2604,Numeric,THIRD_PARTY_VARIABLE,Pty3rd
1714,ym2605,Numeric,THIRD_PARTY_VARIABLE,Pty3rd
1715,ym2610,Numeric,THIRD_PARTY_VARIABLE,Pty3rd
1716,ym2611,Numeric,THIRD_PARTY_VARIABLE,Pty3rd
1717,ym2612,Numeric,THIRD_PARTY_VARIABLE,Pty3rd
1718,ym2613,Numeric,THIRD_PARTY_VARIABLE,Pty3rd
1719,ym2614,Numeric,THIRD_PARTY_VARIABLE,Pty3rd
1720,ym2615,Numeric,THIRD_PARTY_VARIABLE,Pty3rd
1721,ym2616,Numeric,THIRD_PARTY_VARIABLE,Pty3rd
1722,ym2617,Numeric,THIRD_PARTY_VARIABLE,Pty3rd
1723,ym2618,Numeric,THIRD_PARTY_VARIABLE,Pty3rd
1724,ym2619,Numeric,THIRD_PARTY_VARIABLE,Pty3rd
1725,ym2622,Numeric,THIRD_PARTY_VARIABLE,Pty3rd
1726,ym2623,Numeric,THIRD_PARTY_VARIABLE,Pty3rd
1727,ym2624,Numeric,THIRD_PARTY_VARIABLE,Pty3rd
1728,ym2625,Numeric,THIRD_PARTY_VARIABLE,Pty3rd
1729,ym2626,Numeric,THIRD_PARTY_VARIABLE,Pty3rd
1730,ym2627,Numeric,THIRD_PARTY_VARIABLE,Pty3rd
1731,ym2630,Numeric,THIRD_PARTY_VARIABLE,Pty3rd
1732,ym2631,Numeric,THIRD_PARTY_VARIABLE,Pty3rd
1733,ym2632,Numeric,THIRD_PARTY_VARIABLE,Pty3rd
1734,ym2633,Numeric,THIRD_PARTY_VARIABLE,Pty3rd
1735,ym2638,Numeric,THIRD_PARTY_VARIABLE,Pty3rd
1736,ym2639,Numeric,THIRD_PARTY_VARIABLE,Pty3rd
1737,ym2660,Numeric,THIRD_PARTY_VARIABLE,Pty3rd
1738,ym2661,Numeric,THIRD_PARTY_VARIABLE,Pty3rd
1739,ym2670,Numeric,THIRD_PARTY_VARIABLE,Pty3rd
1740,ym2671,Numeric,THIRD_PARTY_VARIABLE,Pty3rd
1741,ym2672,Numeric,THIRD_PARTY_VARIABLE,Pty3rd
1742,ym2673,Numeric,THIRD_PARTY_VARIABLE,Pty3rd
1743,ym2674,Numeric,THIRD_PARTY_VARIABLE,Pty3rd
1744,ym2675,Numeric,THIRD_PARTY_VARIABLE,Pty3rd
1745,ym2686,Numeric,THIRD_PARTY_VARIABLE,Pty3rd
1746,ym2687,Numeric,THIRD_PARTY_VARIABLE,Pty3rd
1747,ym2692,Numeric,THIRD_PARTY_VARIABLE,Pty3rd
1748,ym2693,Numeric,THIRD_PARTY_VARIABLE,Pty3rd
1749,ym2700,Numeric,THIRD_PARTY_VARIABLE,Pty3rd
1750,ym2701,Numeric,THIRD_PARTY_VARIABLE,Pty3rd
1751,ym2716,Numeric,THIRD_PARTY_VARIABLE,Pty3rd
1752,ym2717,Numeric,THIRD_PARTY_VARIABLE,Pty3rd
1753,ym2744,Numeric,THIRD_PARTY_VARIABLE,Pty3rd
1754,ym2745,Numeric,THIRD_PARTY_VARIABLE,Pty3rd
1755,ym2752,Numeric,THIRD_PARTY_VARIABLE,Pty3rd
1756,ym2753,Numeric,THIRD_PARTY_VARIABLE,Pty3rd
1757,ym2754,Numeric,THIRD_PARTY_VARIABLE,Pty3rd
1758,ym2755,Numeric,THIRD_PARTY_VARIABLE,Pty3rd
1759,ym2756,Numeric,THIRD_PARTY_VARIABLE,Pty3rd
1760,ym2757,Numeric,THIRD_PARTY_VARIABLE,Pty3rd
1761,ym2758,Numeric,THIRD_PARTY_VARIABLE,Pty3rd
1762,ym2759,Numeric,THIRD_PARTY_VARIABLE,Pty3rd
1763,ym2760,Numeric,THIRD_PARTY_VARIABLE,Pty3rd
1764,ym2761,Numeric,THIRD_PARTY_VARIABLE,Pty3rd
1765,ym2764,Numeric,THIRD_PARTY_VARIABLE,Pty3rd
1766,ym2765,Numeric,THIRD_PARTY_VARIABLE,Pty3rd
1767,ym2766,Numeric,THIRD_PARTY_VARIABLE,Pty3rd
1768,ym2767,Numeric,THIRD_PARTY_VARIABLE,Pty3rd
1769,ym2768,Numeric,THIRD_PARTY_VARIABLE,Pty3rd
1770,ym2769,Numeric,THIRD_PARTY_VARIABLE,Pty3rd
1771,ym2784,Numeric,THIRD_PARTY_VARIABLE,Pty3rd
1772,ym2785,Numeric,THIRD_PARTY_VARIABLE,Pty3rd
1773,ym2786,Numeric,THIRD_PARTY_VARIABLE,Pty3rd
1774,ym2787,Numeric,THIRD_PARTY_VARIABLE,Pty3rd
1775,ym2790,Numeric,THIRD_PARTY_VARIABLE,Pty3rd
1776,ym2791,Numeric,THIRD_PARTY_VARIABLE,Pty3rd
1777,ym2794,Numeric,THIRD_PARTY_VARIABLE,Pty3rd
1778,ym2795,Numeric,THIRD_PARTY_VARIABLE,Pty3rd
1779,ym2802,Numeric,THIRD_PARTY_VARIABLE,Pty3rd
1780,ym2803,Numeric,THIRD_PARTY_VARIABLE,Pty3rd
1781,ym2816,Numeric,THIRD_PARTY_VARIABLE,Pty3rd
1782,ym2817,Numeric,THIRD_PARTY_VARIABLE,Pty3rd
1783,ym2818,Numeric,THIRD_PARTY_VARIABLE,Pty3rd
1784,ym2819,Numeric,THIRD_PARTY_VARIABLE,Pty3rd
1785,ym2832,Numeric,THIRD_PARTY_VARIABLE,Pty3rd
1786,ym2833,Numeric,THIRD_PARTY_VARIABLE,Pty3rd
1787,ym2836,Numeric,THIRD_PARTY_VARIABLE,Pty3rd
1788,ym2837,Numeric,THIRD_PARTY_VARIABLE,Pty3rd
1789,ym2844,Numeric,THIRD_PARTY_VARIABLE,Pty3rd
1790,ym2845,Numeric,THIRD_PARTY_VARIABLE,Pty3rd
1791,ym2862,Numeric,THIRD_PARTY_VARIABLE,Pty3rd
1792,ym2863,Numeric,THIRD_PARTY_VARIABLE,Pty3rd
1793,ym2872,Numeric,THIRD_PARTY_VARIABLE,Pty3rd
1794,ym2873,Numeric,THIRD_PARTY_VARIABLE,Pty3rd
1795,ym2888,Numeric,THIRD_PARTY_VARIABLE,Pty3rd
1796,ym2889,Numeric,THIRD_PARTY_VARIABLE,Pty3rd
1797,ym2906,Numeric,THIRD_PARTY_VARIABLE,Pty3rd
1798,ym2907,Numeric,THIRD_PARTY_VARIABLE,Pty3rd
1799,ym2944,Numeric,THIRD_PARTY_VARIABLE,Pty3rd
1800,ym2945,Numeric,THIRD_PARTY_VARIABLE,Pty3rd
1801,ym2956,Numeric,THIRD_PARTY_VARIABLE,Pty3rd
1802,ym2957,Numeric,THIRD_PARTY_VARIABLE,Pty3rd
1803,ym2984,Numeric,THIRD_PARTY_VARIABLE,Pty3rd
1804,ym2985,Numeric,THIRD_PARTY_VARIABLE,Pty3rd
1805,ym2994,Numeric,THIRD_PARTY_VARIABLE,Pty3rd
1806,ym2995,Numeric,THIRD_PARTY_VARIABLE,Pty3rd
1807,ym3000,Numeric,THIRD_PARTY_VARIABLE,Pty3rd
1808,ym3001,Numeric,THIRD_PARTY_VARIABLE,Pty3rd
